Event Index,UTC Timestamp,UTC Date,Local Timestamp,Local Timezone,Local Date,Experiment ID,Experiment Version,Tree Node Key,Repeat Key,Schedule ID,Participant Public ID,Participant Private ID,Participant Starting Group,Participant Status,Participant Completion Code,Participant External Session ID,Participant Device Type,Participant Device,Participant OS,Participant Browser,Participant Monitor Size,Participant Viewport Size,Checkpoint,Task Name,Task Version,checkpoint-itsc,branch-le1y,branch-369y,branch-xcm8,randomiser-jf65,branch-asih,quota-t18w,branch-fqz7,branch-ho4r,quota-qptq,branch-rpm3,quota-xbdv,quota-qd5n,quota-bgsj,quota-xwhm,quota-3pu1,quota-rltk,quota-h2u6,quota-a1h7,quota-8mkn,quota-63lu,branch-crxk,branch-elfm,branch-mikh,branch-nctw,branch-zc37,branch-4mwx,branch-j73a,branch-fkxh,branch-lji3,quota-hzw3,branch-mmja,counterbalance-m678,checkpoint-gr3y,checkpoint-3jg6,randomiser-2tba,counterbalance-93ib,counterbalance-9xcr,counterbalance-wbyz,counterbalance-vply,counterbalance-hleo,checkpoint-abe5,branch-e22y,branch-9yk5,branch-v8wy,counterbalance-ulkf,branch-t3qc,counterbalance-mcio,branch-gm4e,counterbalance-3v2j,counterbalance-t9rn,counterbalance-bi4u,counterbalance-8ump,branch-h1nb,branch-5t3u,randomiser-kh5p,counterbalance-dozd,counterbalance-wch9,branch-9rgz,counterbalance-sg3w,branch-kzla,counterbalance-o3nf,counterbalance-eu1d,counterbalance-8zsd,branch-kht5,counterbalance-u2fx,counterbalance-e4l7,counterbalance-7mrq,counterbalance-s1b5,counterbalance-2v12,counterbalance-g69h,branch-ufjm,branch-qt1t,branch-1cbs,branch-2s1m,order-j7mk,branch-qjxq,checkpoint-27dz,Question Key,Response
1,1570637675851,09/10/2019 16:14:35,1570637677556,-7,09/10/2019 09:14:37,9792,17,questionnaire-mie5,,3165846,AAIQLE701DI9U,875563,,complete,clgnmi,,computer,Desktop or Laptop,Windows 10,Firefox 69.0,2560x1440,2074x1308,approve with $2.15 bonus,IPANAT SAMFE,1,words,English_Native,No_Psych,,l_pos,18+,,≥23,≥28,,≤32,ACCEPT,,,,,,,,,,,,,,,,,,,,Responder,,,,,,,,,,,,,,,Continue,,,,,,,,,Orders 2 and 4,,order4,,,Continue,order12,,,,,,,,,,,,,Continue,ABFCED,Images loaded ok,approve with $2.15 bonus,BEGIN QUESTIONNAIRE,
2,1570637682273,09/10/2019 16:14:42,1570637684022,-7,09/10/2019 09:14:44,9792,17,questionnaire-mie5,,3165846,AAIQLE701DI9U,875563,,complete,clgnmi,,computer,Desktop or Laptop,Windows 10,Firefox 69.0,2560x1440,2074x1308,approve with $2.15 bonus,IPANAT SAMFE,1,words,English_Native,No_Psych,,l_pos,18+,,≥23,≥28,,≤32,ACCEPT,,,,,,,,,,,,,,,,,,,,Responder,,,,,,,,,,,,,,,Continue,,,,,,,,,Orders 2 and 4,,order4,,,Continue,order12,,,,,,,,,,,,,Continue,ABFCED,Images loaded ok,approve with $2.15 bonus,happy,4 - fits very well
3,1570637682461,09/10/2019 16:14:42,1570637684023,-7,09/10/2019 09:14:44,9792,17,questionnaire-mie5,,3165846,AAIQLE701DI9U,875563,,complete,clgnmi,,computer,Desktop or Laptop,Windows 10,Firefox 69.0,2560x1440,2074x1308,approve with $2.15 bonus,IPANAT SAMFE,1,words,English_Native,No_Psych,,l_pos,18+,,≥23,≥28,,≤32,ACCEPT,,,,,,,,,,,,,,,,,,,,Responder,,,,,,,,,,,,,,,Continue,,,,,,,,,Orders 2 and 4,,order4,,,Continue,order12,,,,,,,,,,,,,Continue,ABFCED,Images loaded ok,approve with $2.15 bonus,happy-quantised,4
4,1570637682461,09/10/2019 16:14:42,1570637684023,-7,09/10/2019 09:14:44,9792,17,questionnaire-mie5,,3165846,AAIQLE701DI9U,875563,,complete,clgnmi,,computer,Desktop or Laptop,Windows 10,Firefox 69.0,2560x1440,2074x1308,approve with $2.15 bonus,IPANAT SAMFE,1,words,English_Native,No_Psych,,l_pos,18+,,≥23,≥28,,≤32,ACCEPT,,,,,,,,,,,,,,,,,,,,Responder,,,,,,,,,,,,,,,Continue,,,,,,,,,Orders 2 and 4,,order4,,,Continue,order12,,,,,,,,,,,,,Continue,ABFCED,Images loaded ok,approve with $2.15 bonus,helpless,1 - doesn't fit at all
5,1570637682461,09/10/2019 16:14:42,1570637684023,-7,09/10/2019 09:14:44,9792,17,questionnaire-mie5,,3165846,AAIQLE701DI9U,875563,,complete,clgnmi,,computer,Desktop or Laptop,Windows 10,Firefox 69.0,2560x1440,2074x1308,approve with $2.15 bonus,IPANAT SAMFE,1,words,English_Native,No_Psych,,l_pos,18+,,≥23,≥28,,≤32,ACCEPT,,,,,,,,,,,,,,,,,,,,Responder,,,,,,,,,,,,,,,Continue,,,,,,,,,Orders 2 and 4,,order4,,,Continue,order12,,,,,,,,,,,,,Continue,ABFCED,Images loaded ok,approve with $2.15 bonus,helpless-quantised,1
6,1570637682461,09/10/2019 16:14:42,1570637684023,-7,09/10/2019 09:14:44,9792,17,questionnaire-mie5,,3165846,AAIQLE701DI9U,875563,,complete,clgnmi,,computer,Desktop or Laptop,Windows 10,Firefox 69.0,2560x1440,2074x1308,approve with $2.15 bonus,IPANAT SAMFE,1,words,English_Native,No_Psych,,l_pos,18+,,≥23,≥28,,≤32,ACCEPT,,,,,,,,,,,,,,,,,,,,Responder,,,,,,,,,,,,,,,Continue,,,,,,,,,Orders 2 and 4,,order4,,,Continue,order12,,,,,,,,,,,,,Continue,ABFCED,Images loaded ok,approve with $2.15 bonus,energetic,3 - fits quite well
7,1570637682461,09/10/2019 16:14:42,1570637684023,-7,09/10/2019 09:14:44,9792,17,questionnaire-mie5,,3165846,AAIQLE701DI9U,875563,,complete,clgnmi,,computer,Desktop or Laptop,Windows 10,Firefox 69.0,2560x1440,2074x1308,approve with $2.15 bonus,IPANAT SAMFE,1,words,English_Native,No_Psych,,l_pos,18+,,≥23,≥28,,≤32,ACCEPT,,,,,,,,,,,,,,,,,,,,Responder,,,,,,,,,,,,,,,Continue,,,,,,,,,Orders 2 and 4,,order4,,,Continue,order12,,,,,,,,,,,,,Continue,ABFCED,Images loaded ok,approve with $2.15 bonus,energetic-quantised,3
8,1570637682461,09/10/2019 16:14:42,1570637684023,-7,09/10/2019 09:14:44,9792,17,questionnaire-mie5,,3165846,AAIQLE701DI9U,875563,,complete,clgnmi,,computer,Desktop or Laptop,Windows 10,Firefox 69.0,2560x1440,2074x1308,approve with $2.15 bonus,IPANAT SAMFE,1,words,English_Native,No_Psych,,l_pos,18+,,≥23,≥28,,≤32,ACCEPT,,,,,,,,,,,,,,,,,,,,Responder,,,,,,,,,,,,,,,Continue,,,,,,,,,Orders 2 and 4,,order4,,,Continue,order12,,,,,,,,,,,,,Continue,ABFCED,Images loaded ok,approve with $2.15 bonus,tense,1 - doesn't fit at all
9,1570637682461,09/10/2019 16:14:42,1570637684023,-7,09/10/2019 09:14:44,9792,17,questionnaire-mie5,,3165846,AAIQLE701DI9U,875563,,complete,clgnmi,,computer,Desktop or Laptop,Windows 10,Firefox 69.0,2560x1440,2074x1308,approve with $2.15 bonus,IPANAT SAMFE,1,words,English_Native,No_Psych,,l_pos,18+,,≥23,≥28,,≤32,ACCEPT,,,,,,,,,,,,,,,,,,,,Responder,,,,,,,,,,,,,,,Continue,,,,,,,,,Orders 2 and 4,,order4,,,Continue,order12,,,,,,,,,,,,,Continue,ABFCED,Images loaded ok,approve with $2.15 bonus,tense-quantised,1
10,1570637682461,09/10/2019 16:14:42,1570637684023,-7,09/10/2019 09:14:44,9792,17,questionnaire-mie5,,3165846,AAIQLE701DI9U,875563,,complete,clgnmi,,computer,Desktop or Laptop,Windows 10,Firefox 69.0,2560x1440,2074x1308,approve with $2.15 bonus,IPANAT SAMFE,1,words,English_Native,No_Psych,,l_pos,18+,,≥23,≥28,,≤32,ACCEPT,,,,,,,,,,,,,,,,,,,,Responder,,,,,,,,,,,,,,,Continue,,,,,,,,,Orders 2 and 4,,order4,,,Continue,order12,,,,,,,,,,,,,Continue,ABFCED,Images loaded ok,approve with $2.15 bonus,cheerful,4 - fits very well
11,1570637682461,09/10/2019 16:14:42,1570637684024,-7,09/10/2019 09:14:44,9792,17,questionnaire-mie5,,3165846,AAIQLE701DI9U,875563,,complete,clgnmi,,computer,Desktop or Laptop,Windows 10,Firefox 69.0,2560x1440,2074x1308,approve with $2.15 bonus,IPANAT SAMFE,1,words,English_Native,No_Psych,,l_pos,18+,,≥23,≥28,,≤32,ACCEPT,,,,,,,,,,,,,,,,,,,,Responder,,,,,,,,,,,,,,,Continue,,,,,,,,,Orders 2 and 4,,order4,,,Continue,order12,,,,,,,,,,,,,Continue,ABFCED,Images loaded ok,approve with $2.15 bonus,cheerful-quantised,4
12,1570637682461,09/10/2019 16:14:42,1570637684024,-7,09/10/2019 09:14:44,9792,17,questionnaire-mie5,,3165846,AAIQLE701DI9U,875563,,complete,clgnmi,,computer,Desktop or Laptop,Windows 10,Firefox 69.0,2560x1440,2074x1308,approve with $2.15 bonus,IPANAT SAMFE,1,words,English_Native,No_Psych,,l_pos,18+,,≥23,≥28,,≤32,ACCEPT,,,,,,,,,,,,,,,,,,,,Responder,,,,,,,,,,,,,,,Continue,,,,,,,,,Orders 2 and 4,,order4,,,Continue,order12,,,,,,,,,,,,,Continue,ABFCED,Images loaded ok,approve with $2.15 bonus,inhibited,1 - doesn't fit at all
13,1570637682461,09/10/2019 16:14:42,1570637684024,-7,09/10/2019 09:14:44,9792,17,questionnaire-mie5,,3165846,AAIQLE701DI9U,875563,,complete,clgnmi,,computer,Desktop or Laptop,Windows 10,Firefox 69.0,2560x1440,2074x1308,approve with $2.15 bonus,IPANAT SAMFE,1,words,English_Native,No_Psych,,l_pos,18+,,≥23,≥28,,≤32,ACCEPT,,,,,,,,,,,,,,,,,,,,Responder,,,,,,,,,,,,,,,Continue,,,,,,,,,Orders 2 and 4,,order4,,,Continue,order12,,,,,,,,,,,,,Continue,ABFCED,Images loaded ok,approve with $2.15 bonus,inhibited-quantised,1
14,1570637682461,09/10/2019 16:14:42,1570637684024,-7,09/10/2019 09:14:44,9792,17,questionnaire-mie5,,3165846,AAIQLE701DI9U,875563,,complete,clgnmi,,computer,Desktop or Laptop,Windows 10,Firefox 69.0,2560x1440,2074x1308,approve with $2.15 bonus,IPANAT SAMFE,1,words,English_Native,No_Psych,,l_pos,18+,,≥23,≥28,,≤32,ACCEPT,,,,,,,,,,,,,,,,,,,,Responder,,,,,,,,,,,,,,,Continue,,,,,,,,,Orders 2 and 4,,order4,,,Continue,order12,,,,,,,,,,,,,Continue,ABFCED,Images loaded ok,approve with $2.15 bonus,END QUESTIONNAIRE,6468
1,1570637740419,09/10/2019 16:15:40,1570637739283,-4,09/10/2019 12:15:39,9792,17,questionnaire-mie5,,3165864,AKMIORNF40ST7,875567,,complete,juidyy,,computer,Desktop or Laptop,Windows 10,Chrome 77.0.3865.90,1536x864,1536x754,approve with $2.15 bonus,IPANAT SAMFE,1,words,English_Native,No_Psych,Responder,a_pos,18+,,≥23,≥28,,≥33,,,,ACCEPT,,,,,,,≥38,≥43,≤47,,,,,,,,,order3,,,Orders 1 and 3,,,,,,,Continue,,,order9,Continue,,,,,,,,,,,,,,,,,,,,,,,,,,,,Continue,BCADFE,Images loaded ok,approve with $2.15 bonus,BEGIN QUESTIONNAIRE,
2,1570637756812,09/10/2019 16:15:56,1570637755646,-4,09/10/2019 12:15:55,9792,17,questionnaire-mie5,,3165864,AKMIORNF40ST7,875567,,complete,juidyy,,computer,Desktop or Laptop,Windows 10,Chrome 77.0.3865.90,1536x864,1519x754,approve with $2.15 bonus,IPANAT SAMFE,1,words,English_Native,No_Psych,Responder,a_pos,18+,,≥23,≥28,,≥33,,,,ACCEPT,,,,,,,≥38,≥43,≤47,,,,,,,,,order3,,,Orders 1 and 3,,,,,,,Continue,,,order9,Continue,,,,,,,,,,,,,,,,,,,,,,,,,,,,Continue,BCADFE,Images loaded ok,approve with $2.15 bonus,happy,3 - fits quite well
3,1570637756952,09/10/2019 16:15:56,1570637755648,-4,09/10/2019 12:15:55,9792,17,questionnaire-mie5,,3165864,AKMIORNF40ST7,875567,,complete,juidyy,,computer,Desktop or Laptop,Windows 10,Chrome 77.0.3865.90,1536x864,1519x754,approve with $2.15 bonus,IPANAT SAMFE,1,words,English_Native,No_Psych,Responder,a_pos,18+,,≥23,≥28,,≥33,,,,ACCEPT,,,,,,,≥38,≥43,≤47,,,,,,,,,order3,,,Orders 1 and 3,,,,,,,Continue,,,order9,Continue,,,,,,,,,,,,,,,,,,,,,,,,,,,,Continue,BCADFE,Images loaded ok,approve with $2.15 bonus,happy-quantised,3
4,1570637756952,09/10/2019 16:15:56,1570637755648,-4,09/10/2019 12:15:55,9792,17,questionnaire-mie5,,3165864,AKMIORNF40ST7,875567,,complete,juidyy,,computer,Desktop or Laptop,Windows 10,Chrome 77.0.3865.90,1536x864,1519x754,approve with $2.15 bonus,IPANAT SAMFE,1,words,English_Native,No_Psych,Responder,a_pos,18+,,≥23,≥28,,≥33,,,,ACCEPT,,,,,,,≥38,≥43,≤47,,,,,,,,,order3,,,Orders 1 and 3,,,,,,,Continue,,,order9,Continue,,,,,,,,,,,,,,,,,,,,,,,,,,,,Continue,BCADFE,Images loaded ok,approve with $2.15 bonus,helpless,1 - doesn't fit at all
5,1570637756952,09/10/2019 16:15:56,1570637755649,-4,09/10/2019 12:15:55,9792,17,questionnaire-mie5,,3165864,AKMIORNF40ST7,875567,,complete,juidyy,,computer,Desktop or Laptop,Windows 10,Chrome 77.0.3865.90,1536x864,1519x754,approve with $2.15 bonus,IPANAT SAMFE,1,words,English_Native,No_Psych,Responder,a_pos,18+,,≥23,≥28,,≥33,,,,ACCEPT,,,,,,,≥38,≥43,≤47,,,,,,,,,order3,,,Orders 1 and 3,,,,,,,Continue,,,order9,Continue,,,,,,,,,,,,,,,,,,,,,,,,,,,,Continue,BCADFE,Images loaded ok,approve with $2.15 bonus,helpless-quantised,1
6,1570637756952,09/10/2019 16:15:56,1570637755649,-4,09/10/2019 12:15:55,9792,17,questionnaire-mie5,,3165864,AKMIORNF40ST7,875567,,complete,juidyy,,computer,Desktop or Laptop,Windows 10,Chrome 77.0.3865.90,1536x864,1519x754,approve with $2.15 bonus,IPANAT SAMFE,1,words,English_Native,No_Psych,Responder,a_pos,18+,,≥23,≥28,,≥33,,,,ACCEPT,,,,,,,≥38,≥43,≤47,,,,,,,,,order3,,,Orders 1 and 3,,,,,,,Continue,,,order9,Continue,,,,,,,,,,,,,,,,,,,,,,,,,,,,Continue,BCADFE,Images loaded ok,approve with $2.15 bonus,energetic,1 - doesn't fit at all
7,1570637756952,09/10/2019 16:15:56,1570637755649,-4,09/10/2019 12:15:55,9792,17,questionnaire-mie5,,3165864,AKMIORNF40ST7,875567,,complete,juidyy,,computer,Desktop or Laptop,Windows 10,Chrome 77.0.3865.90,1536x864,1519x754,approve with $2.15 bonus,IPANAT SAMFE,1,words,English_Native,No_Psych,Responder,a_pos,18+,,≥23,≥28,,≥33,,,,ACCEPT,,,,,,,≥38,≥43,≤47,,,,,,,,,order3,,,Orders 1 and 3,,,,,,,Continue,,,order9,Continue,,,,,,,,,,,,,,,,,,,,,,,,,,,,Continue,BCADFE,Images loaded ok,approve with $2.15 bonus,energetic-quantised,1
8,1570637756952,09/10/2019 16:15:56,1570637755649,-4,09/10/2019 12:15:55,9792,17,questionnaire-mie5,,3165864,AKMIORNF40ST7,875567,,complete,juidyy,,computer,Desktop or Laptop,Windows 10,Chrome 77.0.3865.90,1536x864,1519x754,approve with $2.15 bonus,IPANAT SAMFE,1,words,English_Native,No_Psych,Responder,a_pos,18+,,≥23,≥28,,≥33,,,,ACCEPT,,,,,,,≥38,≥43,≤47,,,,,,,,,order3,,,Orders 1 and 3,,,,,,,Continue,,,order9,Continue,,,,,,,,,,,,,,,,,,,,,,,,,,,,Continue,BCADFE,Images loaded ok,approve with $2.15 bonus,tense,3 - fits quite well
9,1570637756952,09/10/2019 16:15:56,1570637755649,-4,09/10/2019 12:15:55,9792,17,questionnaire-mie5,,3165864,AKMIORNF40ST7,875567,,complete,juidyy,,computer,Desktop or Laptop,Windows 10,Chrome 77.0.3865.90,1536x864,1519x754,approve with $2.15 bonus,IPANAT SAMFE,1,words,English_Native,No_Psych,Responder,a_pos,18+,,≥23,≥28,,≥33,,,,ACCEPT,,,,,,,≥38,≥43,≤47,,,,,,,,,order3,,,Orders 1 and 3,,,,,,,Continue,,,order9,Continue,,,,,,,,,,,,,,,,,,,,,,,,,,,,Continue,BCADFE,Images loaded ok,approve with $2.15 bonus,tense-quantised,3
10,1570637756952,09/10/2019 16:15:56,1570637755649,-4,09/10/2019 12:15:55,9792,17,questionnaire-mie5,,3165864,AKMIORNF40ST7,875567,,complete,juidyy,,computer,Desktop or Laptop,Windows 10,Chrome 77.0.3865.90,1536x864,1519x754,approve with $2.15 bonus,IPANAT SAMFE,1,words,English_Native,No_Psych,Responder,a_pos,18+,,≥23,≥28,,≥33,,,,ACCEPT,,,,,,,≥38,≥43,≤47,,,,,,,,,order3,,,Orders 1 and 3,,,,,,,Continue,,,order9,Continue,,,,,,,,,,,,,,,,,,,,,,,,,,,,Continue,BCADFE,Images loaded ok,approve with $2.15 bonus,cheerful,3 - fits quite well
11,1570637756952,09/10/2019 16:15:56,1570637755650,-4,09/10/2019 12:15:55,9792,17,questionnaire-mie5,,3165864,AKMIORNF40ST7,875567,,complete,juidyy,,computer,Desktop or Laptop,Windows 10,Chrome 77.0.3865.90,1536x864,1519x754,approve with $2.15 bonus,IPANAT SAMFE,1,words,English_Native,No_Psych,Responder,a_pos,18+,,≥23,≥28,,≥33,,,,ACCEPT,,,,,,,≥38,≥43,≤47,,,,,,,,,order3,,,Orders 1 and 3,,,,,,,Continue,,,order9,Continue,,,,,,,,,,,,,,,,,,,,,,,,,,,,Continue,BCADFE,Images loaded ok,approve with $2.15 bonus,cheerful-quantised,3
12,1570637756952,09/10/2019 16:15:56,1570637755650,-4,09/10/2019 12:15:55,9792,17,questionnaire-mie5,,3165864,AKMIORNF40ST7,875567,,complete,juidyy,,computer,Desktop or Laptop,Windows 10,Chrome 77.0.3865.90,1536x864,1519x754,approve with $2.15 bonus,IPANAT SAMFE,1,words,English_Native,No_Psych,Responder,a_pos,18+,,≥23,≥28,,≥33,,,,ACCEPT,,,,,,,≥38,≥43,≤47,,,,,,,,,order3,,,Orders 1 and 3,,,,,,,Continue,,,order9,Continue,,,,,,,,,,,,,,,,,,,,,,,,,,,,Continue,BCADFE,Images loaded ok,approve with $2.15 bonus,inhibited,3 - fits quite well
13,1570637756952,09/10/2019 16:15:56,1570637755650,-4,09/10/2019 12:15:55,9792,17,questionnaire-mie5,,3165864,AKMIORNF40ST7,875567,,complete,juidyy,,computer,Desktop or Laptop,Windows 10,Chrome 77.0.3865.90,1536x864,1519x754,approve with $2.15 bonus,IPANAT SAMFE,1,words,English_Native,No_Psych,Responder,a_pos,18+,,≥23,≥28,,≥33,,,,ACCEPT,,,,,,,≥38,≥43,≤47,,,,,,,,,order3,,,Orders 1 and 3,,,,,,,Continue,,,order9,Continue,,,,,,,,,,,,,,,,,,,,,,,,,,,,Continue,BCADFE,Images loaded ok,approve with $2.15 bonus,inhibited-quantised,3
14,1570637756952,09/10/2019 16:15:56,1570637755650,-4,09/10/2019 12:15:55,9792,17,questionnaire-mie5,,3165864,AKMIORNF40ST7,875567,,complete,juidyy,,computer,Desktop or Laptop,Windows 10,Chrome 77.0.3865.90,1536x864,1519x754,approve with $2.15 bonus,IPANAT SAMFE,1,words,English_Native,No_Psych,Responder,a_pos,18+,,≥23,≥28,,≥33,,,,ACCEPT,,,,,,,≥38,≥43,≤47,,,,,,,,,order3,,,Orders 1 and 3,,,,,,,Continue,,,order9,Continue,,,,,,,,,,,,,,,,,,,,,,,,,,,,Continue,BCADFE,Images loaded ok,approve with $2.15 bonus,END QUESTIONNAIRE,16367
1,1570637844286,09/10/2019 16:17:24,1570637843670,-4,09/10/2019 12:17:23,9792,17,questionnaire-mie5,,3165875,A40O6S62MI2VC,875574,,complete,fsmzta,,computer,Desktop or Laptop,Windows 10,Chrome 77.0.3865.90,3840x2160,1282x999,approve with $2.15 bonus,IPANAT SAMFE,1,words,English_Native,No_Psych,Responder,a_pos,18+,,≥23,≥28,,≥33,,ACCEPT,,,,,,,,,≤37,,,,,,,,,,,,,,Orders 5 and 6,,order5,,,,,,,,,Continue,,,,order10,,,Continue,,,,,,,,,,,,,,,,,,,,,Continue,CDBEAF,Images loaded ok,approve with $2.15 bonus,BEGIN QUESTIONNAIRE,
2,1570637863344,09/10/2019 16:17:43,1570637862780,-4,09/10/2019 12:17:42,9792,17,questionnaire-mie5,,3165875,A40O6S62MI2VC,875574,,complete,fsmzta,,computer,Desktop or Laptop,Windows 10,Chrome 77.0.3865.90,3840x2160,1265x999,approve with $2.15 bonus,IPANAT SAMFE,1,words,English_Native,No_Psych,Responder,a_pos,18+,,≥23,≥28,,≥33,,ACCEPT,,,,,,,,,≤37,,,,,,,,,,,,,,Orders 5 and 6,,order5,,,,,,,,,Continue,,,,order10,,,Continue,,,,,,,,,,,,,,,,,,,,,Continue,CDBEAF,Images loaded ok,approve with $2.15 bonus,happy,1 - doesn't fit at all
3,1570637863501,09/10/2019 16:17:43,1570637862781,-4,09/10/2019 12:17:42,9792,17,questionnaire-mie5,,3165875,A40O6S62MI2VC,875574,,complete,fsmzta,,computer,Desktop or Laptop,Windows 10,Chrome 77.0.3865.90,3840x2160,1265x999,approve with $2.15 bonus,IPANAT SAMFE,1,words,English_Native,No_Psych,Responder,a_pos,18+,,≥23,≥28,,≥33,,ACCEPT,,,,,,,,,≤37,,,,,,,,,,,,,,Orders 5 and 6,,order5,,,,,,,,,Continue,,,,order10,,,Continue,,,,,,,,,,,,,,,,,,,,,Continue,CDBEAF,Images loaded ok,approve with $2.15 bonus,happy-quantised,1
4,1570637863501,09/10/2019 16:17:43,1570637862781,-4,09/10/2019 12:17:42,9792,17,questionnaire-mie5,,3165875,A40O6S62MI2VC,875574,,complete,fsmzta,,computer,Desktop or Laptop,Windows 10,Chrome 77.0.3865.90,3840x2160,1265x999,approve with $2.15 bonus,IPANAT SAMFE,1,words,English_Native,No_Psych,Responder,a_pos,18+,,≥23,≥28,,≥33,,ACCEPT,,,,,,,,,≤37,,,,,,,,,,,,,,Orders 5 and 6,,order5,,,,,,,,,Continue,,,,order10,,,Continue,,,,,,,,,,,,,,,,,,,,,Continue,CDBEAF,Images loaded ok,approve with $2.15 bonus,helpless,2 - fits somewhat
5,1570637863501,09/10/2019 16:17:43,1570637862781,-4,09/10/2019 12:17:42,9792,17,questionnaire-mie5,,3165875,A40O6S62MI2VC,875574,,complete,fsmzta,,computer,Desktop or Laptop,Windows 10,Chrome 77.0.3865.90,3840x2160,1265x999,approve with $2.15 bonus,IPANAT SAMFE,1,words,English_Native,No_Psych,Responder,a_pos,18+,,≥23,≥28,,≥33,,ACCEPT,,,,,,,,,≤37,,,,,,,,,,,,,,Orders 5 and 6,,order5,,,,,,,,,Continue,,,,order10,,,Continue,,,,,,,,,,,,,,,,,,,,,Continue,CDBEAF,Images loaded ok,approve with $2.15 bonus,helpless-quantised,2
6,1570637863501,09/10/2019 16:17:43,1570637862782,-4,09/10/2019 12:17:42,9792,17,questionnaire-mie5,,3165875,A40O6S62MI2VC,875574,,complete,fsmzta,,computer,Desktop or Laptop,Windows 10,Chrome 77.0.3865.90,3840x2160,1265x999,approve with $2.15 bonus,IPANAT SAMFE,1,words,English_Native,No_Psych,Responder,a_pos,18+,,≥23,≥28,,≥33,,ACCEPT,,,,,,,,,≤37,,,,,,,,,,,,,,Orders 5 and 6,,order5,,,,,,,,,Continue,,,,order10,,,Continue,,,,,,,,,,,,,,,,,,,,,Continue,CDBEAF,Images loaded ok,approve with $2.15 bonus,energetic,3 - fits quite well
7,1570637863501,09/10/2019 16:17:43,1570637862782,-4,09/10/2019 12:17:42,9792,17,questionnaire-mie5,,3165875,A40O6S62MI2VC,875574,,complete,fsmzta,,computer,Desktop or Laptop,Windows 10,Chrome 77.0.3865.90,3840x2160,1265x999,approve with $2.15 bonus,IPANAT SAMFE,1,words,English_Native,No_Psych,Responder,a_pos,18+,,≥23,≥28,,≥33,,ACCEPT,,,,,,,,,≤37,,,,,,,,,,,,,,Orders 5 and 6,,order5,,,,,,,,,Continue,,,,order10,,,Continue,,,,,,,,,,,,,,,,,,,,,Continue,CDBEAF,Images loaded ok,approve with $2.15 bonus,energetic-quantised,3
8,1570637863501,09/10/2019 16:17:43,1570637862782,-4,09/10/2019 12:17:42,9792,17,questionnaire-mie5,,3165875,A40O6S62MI2VC,875574,,complete,fsmzta,,computer,Desktop or Laptop,Windows 10,Chrome 77.0.3865.90,3840x2160,1265x999,approve with $2.15 bonus,IPANAT SAMFE,1,words,English_Native,No_Psych,Responder,a_pos,18+,,≥23,≥28,,≥33,,ACCEPT,,,,,,,,,≤37,,,,,,,,,,,,,,Orders 5 and 6,,order5,,,,,,,,,Continue,,,,order10,,,Continue,,,,,,,,,,,,,,,,,,,,,Continue,CDBEAF,Images loaded ok,approve with $2.15 bonus,END QUESTIONNAIRE,19112
9,1570637863501,09/10/2019 16:17:43,1570637862782,-4,09/10/2019 12:17:42,9792,17,questionnaire-mie5,,3165875,A40O6S62MI2VC,875574,,complete,fsmzta,,computer,Desktop or Laptop,Windows 10,Chrome 77.0.3865.90,3840x2160,1265x999,approve with $2.15 bonus,IPANAT SAMFE,1,words,English_Native,No_Psych,Responder,a_pos,18+,,≥23,≥28,,≥33,,ACCEPT,,,,,,,,,≤37,,,,,,,,,,,,,,Orders 5 and 6,,order5,,,,,,,,,Continue,,,,order10,,,Continue,,,,,,,,,,,,,,,,,,,,,Continue,CDBEAF,Images loaded ok,approve with $2.15 bonus,tense-quantised,3
10,1570637863501,09/10/2019 16:17:43,1570637862782,-4,09/10/2019 12:17:42,9792,17,questionnaire-mie5,,3165875,A40O6S62MI2VC,875574,,complete,fsmzta,,computer,Desktop or Laptop,Windows 10,Chrome 77.0.3865.90,3840x2160,1265x999,approve with $2.15 bonus,IPANAT SAMFE,1,words,English_Native,No_Psych,Responder,a_pos,18+,,≥23,≥28,,≥33,,ACCEPT,,,,,,,,,≤37,,,,,,,,,,,,,,Orders 5 and 6,,order5,,,,,,,,,Continue,,,,order10,,,Continue,,,,,,,,,,,,,,,,,,,,,Continue,CDBEAF,Images loaded ok,approve with $2.15 bonus,cheerful,2 - fits somewhat
11,1570637863501,09/10/2019 16:17:43,1570637862782,-4,09/10/2019 12:17:42,9792,17,questionnaire-mie5,,3165875,A40O6S62MI2VC,875574,,complete,fsmzta,,computer,Desktop or Laptop,Windows 10,Chrome 77.0.3865.90,3840x2160,1265x999,approve with $2.15 bonus,IPANAT SAMFE,1,words,English_Native,No_Psych,Responder,a_pos,18+,,≥23,≥28,,≥33,,ACCEPT,,,,,,,,,≤37,,,,,,,,,,,,,,Orders 5 and 6,,order5,,,,,,,,,Continue,,,,order10,,,Continue,,,,,,,,,,,,,,,,,,,,,Continue,CDBEAF,Images loaded ok,approve with $2.15 bonus,cheerful-quantised,2
12,1570637863501,09/10/2019 16:17:43,1570637862782,-4,09/10/2019 12:17:42,9792,17,questionnaire-mie5,,3165875,A40O6S62MI2VC,875574,,complete,fsmzta,,computer,Desktop or Laptop,Windows 10,Chrome 77.0.3865.90,3840x2160,1265x999,approve with $2.15 bonus,IPANAT SAMFE,1,words,English_Native,No_Psych,Responder,a_pos,18+,,≥23,≥28,,≥33,,ACCEPT,,,,,,,,,≤37,,,,,,,,,,,,,,Orders 5 and 6,,order5,,,,,,,,,Continue,,,,order10,,,Continue,,,,,,,,,,,,,,,,,,,,,Continue,CDBEAF,Images loaded ok,approve with $2.15 bonus,inhibited,2 - fits somewhat
13,1570637863501,09/10/2019 16:17:43,1570637862782,-4,09/10/2019 12:17:42,9792,17,questionnaire-mie5,,3165875,A40O6S62MI2VC,875574,,complete,fsmzta,,computer,Desktop or Laptop,Windows 10,Chrome 77.0.3865.90,3840x2160,1265x999,approve with $2.15 bonus,IPANAT SAMFE,1,words,English_Native,No_Psych,Responder,a_pos,18+,,≥23,≥28,,≥33,,ACCEPT,,,,,,,,,≤37,,,,,,,,,,,,,,Orders 5 and 6,,order5,,,,,,,,,Continue,,,,order10,,,Continue,,,,,,,,,,,,,,,,,,,,,Continue,CDBEAF,Images loaded ok,approve with $2.15 bonus,inhibited-quantised,2
14,1570637863501,09/10/2019 16:17:43,1570637862782,-4,09/10/2019 12:17:42,9792,17,questionnaire-mie5,,3165875,A40O6S62MI2VC,875574,,complete,fsmzta,,computer,Desktop or Laptop,Windows 10,Chrome 77.0.3865.90,3840x2160,1265x999,approve with $2.15 bonus,IPANAT SAMFE,1,words,English_Native,No_Psych,Responder,a_pos,18+,,≥23,≥28,,≥33,,ACCEPT,,,,,,,,,≤37,,,,,,,,,,,,,,Orders 5 and 6,,order5,,,,,,,,,Continue,,,,order10,,,Continue,,,,,,,,,,,,,,,,,,,,,Continue,CDBEAF,Images loaded ok,approve with $2.15 bonus,tense,3 - fits quite well
1,1570638430673,09/10/2019 16:27:10,1570638429870,-4,09/10/2019 12:27:09,9792,17,questionnaire-mie5,,3165928,A1DUPOUC9RNU4L,875577,,complete,hqhzcp,,computer,Desktop or Laptop,Chromium OS 10895.78.0,Chrome 69.0.3497.120,1366x768,1366x618,approve with $2.15 bonus,IPANAT SAMFE,1,words,English_Native,No_Psych,,l_pos,18+,,≥23,≥28,,≥33,,,,,,,ACCEPT,,,,≥38,≥43,≥48,≥53,≥58,≤62,,,,,Responder,,,,,,,,,,,,,,,Continue,,,,,,,,,Orders 7 and 9,,,,,,,,,,order9,,,order5,,,Continue,,,Continue,DECFBA,Images loaded ok,approve with $2.15 bonus,BEGIN QUESTIONNAIRE,
2,1570638442527,09/10/2019 16:27:22,1570638441785,-4,09/10/2019 12:27:21,9792,17,questionnaire-mie5,,3165928,A1DUPOUC9RNU4L,875577,,complete,hqhzcp,,computer,Desktop or Laptop,Chromium OS 10895.78.0,Chrome 69.0.3497.120,1366x768,1366x618,approve with $2.15 bonus,IPANAT SAMFE,1,words,English_Native,No_Psych,,l_pos,18+,,≥23,≥28,,≥33,,,,,,,ACCEPT,,,,≥38,≥43,≥48,≥53,≥58,≤62,,,,,Responder,,,,,,,,,,,,,,,Continue,,,,,,,,,Orders 7 and 9,,,,,,,,,,order9,,,order5,,,Continue,,,Continue,DECFBA,Images loaded ok,approve with $2.15 bonus,happy,2 - fits somewhat
3,1570638442807,09/10/2019 16:27:22,1570638441789,-4,09/10/2019 12:27:21,9792,17,questionnaire-mie5,,3165928,A1DUPOUC9RNU4L,875577,,complete,hqhzcp,,computer,Desktop or Laptop,Chromium OS 10895.78.0,Chrome 69.0.3497.120,1366x768,1366x618,approve with $2.15 bonus,IPANAT SAMFE,1,words,English_Native,No_Psych,,l_pos,18+,,≥23,≥28,,≥33,,,,,,,ACCEPT,,,,≥38,≥43,≥48,≥53,≥58,≤62,,,,,Responder,,,,,,,,,,,,,,,Continue,,,,,,,,,Orders 7 and 9,,,,,,,,,,order9,,,order5,,,Continue,,,Continue,DECFBA,Images loaded ok,approve with $2.15 bonus,happy-quantised,2
4,1570638442807,09/10/2019 16:27:22,1570638441790,-4,09/10/2019 12:27:21,9792,17,questionnaire-mie5,,3165928,A1DUPOUC9RNU4L,875577,,complete,hqhzcp,,computer,Desktop or Laptop,Chromium OS 10895.78.0,Chrome 69.0.3497.120,1366x768,1366x618,approve with $2.15 bonus,IPANAT SAMFE,1,words,English_Native,No_Psych,,l_pos,18+,,≥23,≥28,,≥33,,,,,,,ACCEPT,,,,≥38,≥43,≥48,≥53,≥58,≤62,,,,,Responder,,,,,,,,,,,,,,,Continue,,,,,,,,,Orders 7 and 9,,,,,,,,,,order9,,,order5,,,Continue,,,Continue,DECFBA,Images loaded ok,approve with $2.15 bonus,helpless,1 - doesn't fit at all
5,1570638442807,09/10/2019 16:27:22,1570638441791,-4,09/10/2019 12:27:21,9792,17,questionnaire-mie5,,3165928,A1DUPOUC9RNU4L,875577,,complete,hqhzcp,,computer,Desktop or Laptop,Chromium OS 10895.78.0,Chrome 69.0.3497.120,1366x768,1366x618,approve with $2.15 bonus,IPANAT SAMFE,1,words,English_Native,No_Psych,,l_pos,18+,,≥23,≥28,,≥33,,,,,,,ACCEPT,,,,≥38,≥43,≥48,≥53,≥58,≤62,,,,,Responder,,,,,,,,,,,,,,,Continue,,,,,,,,,Orders 7 and 9,,,,,,,,,,order9,,,order5,,,Continue,,,Continue,DECFBA,Images loaded ok,approve with $2.15 bonus,helpless-quantised,1
6,1570638442807,09/10/2019 16:27:22,1570638441791,-4,09/10/2019 12:27:21,9792,17,questionnaire-mie5,,3165928,A1DUPOUC9RNU4L,875577,,complete,hqhzcp,,computer,Desktop or Laptop,Chromium OS 10895.78.0,Chrome 69.0.3497.120,1366x768,1366x618,approve with $2.15 bonus,IPANAT SAMFE,1,words,English_Native,No_Psych,,l_pos,18+,,≥23,≥28,,≥33,,,,,,,ACCEPT,,,,≥38,≥43,≥48,≥53,≥58,≤62,,,,,Responder,,,,,,,,,,,,,,,Continue,,,,,,,,,Orders 7 and 9,,,,,,,,,,order9,,,order5,,,Continue,,,Continue,DECFBA,Images loaded ok,approve with $2.15 bonus,energetic,1 - doesn't fit at all
7,1570638442807,09/10/2019 16:27:22,1570638441791,-4,09/10/2019 12:27:21,9792,17,questionnaire-mie5,,3165928,A1DUPOUC9RNU4L,875577,,complete,hqhzcp,,computer,Desktop or Laptop,Chromium OS 10895.78.0,Chrome 69.0.3497.120,1366x768,1366x618,approve with $2.15 bonus,IPANAT SAMFE,1,words,English_Native,No_Psych,,l_pos,18+,,≥23,≥28,,≥33,,,,,,,ACCEPT,,,,≥38,≥43,≥48,≥53,≥58,≤62,,,,,Responder,,,,,,,,,,,,,,,Continue,,,,,,,,,Orders 7 and 9,,,,,,,,,,order9,,,order5,,,Continue,,,Continue,DECFBA,Images loaded ok,approve with $2.15 bonus,energetic-quantised,1
8,1570638442807,09/10/2019 16:27:22,1570638441792,-4,09/10/2019 12:27:21,9792,17,questionnaire-mie5,,3165928,A1DUPOUC9RNU4L,875577,,complete,hqhzcp,,computer,Desktop or Laptop,Chromium OS 10895.78.0,Chrome 69.0.3497.120,1366x768,1366x618,approve with $2.15 bonus,IPANAT SAMFE,1,words,English_Native,No_Psych,,l_pos,18+,,≥23,≥28,,≥33,,,,,,,ACCEPT,,,,≥38,≥43,≥48,≥53,≥58,≤62,,,,,Responder,,,,,,,,,,,,,,,Continue,,,,,,,,,Orders 7 and 9,,,,,,,,,,order9,,,order5,,,Continue,,,Continue,DECFBA,Images loaded ok,approve with $2.15 bonus,tense,1 - doesn't fit at all
9,1570638442807,09/10/2019 16:27:22,1570638441792,-4,09/10/2019 12:27:21,9792,17,questionnaire-mie5,,3165928,A1DUPOUC9RNU4L,875577,,complete,hqhzcp,,computer,Desktop or Laptop,Chromium OS 10895.78.0,Chrome 69.0.3497.120,1366x768,1366x618,approve with $2.15 bonus,IPANAT SAMFE,1,words,English_Native,No_Psych,,l_pos,18+,,≥23,≥28,,≥33,,,,,,,ACCEPT,,,,≥38,≥43,≥48,≥53,≥58,≤62,,,,,Responder,,,,,,,,,,,,,,,Continue,,,,,,,,,Orders 7 and 9,,,,,,,,,,order9,,,order5,,,Continue,,,Continue,DECFBA,Images loaded ok,approve with $2.15 bonus,tense-quantised,1
10,1570638442807,09/10/2019 16:27:22,1570638441793,-4,09/10/2019 12:27:21,9792,17,questionnaire-mie5,,3165928,A1DUPOUC9RNU4L,875577,,complete,hqhzcp,,computer,Desktop or Laptop,Chromium OS 10895.78.0,Chrome 69.0.3497.120,1366x768,1366x618,approve with $2.15 bonus,IPANAT SAMFE,1,words,English_Native,No_Psych,,l_pos,18+,,≥23,≥28,,≥33,,,,,,,ACCEPT,,,,≥38,≥43,≥48,≥53,≥58,≤62,,,,,Responder,,,,,,,,,,,,,,,Continue,,,,,,,,,Orders 7 and 9,,,,,,,,,,order9,,,order5,,,Continue,,,Continue,DECFBA,Images loaded ok,approve with $2.15 bonus,cheerful,2 - fits somewhat
11,1570638442807,09/10/2019 16:27:22,1570638441793,-4,09/10/2019 12:27:21,9792,17,questionnaire-mie5,,3165928,A1DUPOUC9RNU4L,875577,,complete,hqhzcp,,computer,Desktop or Laptop,Chromium OS 10895.78.0,Chrome 69.0.3497.120,1366x768,1366x618,approve with $2.15 bonus,IPANAT SAMFE,1,words,English_Native,No_Psych,,l_pos,18+,,≥23,≥28,,≥33,,,,,,,ACCEPT,,,,≥38,≥43,≥48,≥53,≥58,≤62,,,,,Responder,,,,,,,,,,,,,,,Continue,,,,,,,,,Orders 7 and 9,,,,,,,,,,order9,,,order5,,,Continue,,,Continue,DECFBA,Images loaded ok,approve with $2.15 bonus,cheerful-quantised,2
12,1570638442807,09/10/2019 16:27:22,1570638441794,-4,09/10/2019 12:27:21,9792,17,questionnaire-mie5,,3165928,A1DUPOUC9RNU4L,875577,,complete,hqhzcp,,computer,Desktop or Laptop,Chromium OS 10895.78.0,Chrome 69.0.3497.120,1366x768,1366x618,approve with $2.15 bonus,IPANAT SAMFE,1,words,English_Native,No_Psych,,l_pos,18+,,≥23,≥28,,≥33,,,,,,,ACCEPT,,,,≥38,≥43,≥48,≥53,≥58,≤62,,,,,Responder,,,,,,,,,,,,,,,Continue,,,,,,,,,Orders 7 and 9,,,,,,,,,,order9,,,order5,,,Continue,,,Continue,DECFBA,Images loaded ok,approve with $2.15 bonus,inhibited,1 - doesn't fit at all
13,1570638442807,09/10/2019 16:27:22,1570638441794,-4,09/10/2019 12:27:21,9792,17,questionnaire-mie5,,3165928,A1DUPOUC9RNU4L,875577,,complete,hqhzcp,,computer,Desktop or Laptop,Chromium OS 10895.78.0,Chrome 69.0.3497.120,1366x768,1366x618,approve with $2.15 bonus,IPANAT SAMFE,1,words,English_Native,No_Psych,,l_pos,18+,,≥23,≥28,,≥33,,,,,,,ACCEPT,,,,≥38,≥43,≥48,≥53,≥58,≤62,,,,,Responder,,,,,,,,,,,,,,,Continue,,,,,,,,,Orders 7 and 9,,,,,,,,,,order9,,,order5,,,Continue,,,Continue,DECFBA,Images loaded ok,approve with $2.15 bonus,inhibited-quantised,1
14,1570638442807,09/10/2019 16:27:22,1570638441795,-4,09/10/2019 12:27:21,9792,17,questionnaire-mie5,,3165928,A1DUPOUC9RNU4L,875577,,complete,hqhzcp,,computer,Desktop or Laptop,Chromium OS 10895.78.0,Chrome 69.0.3497.120,1366x768,1366x618,approve with $2.15 bonus,IPANAT SAMFE,1,words,English_Native,No_Psych,,l_pos,18+,,≥23,≥28,,≥33,,,,,,,ACCEPT,,,,≥38,≥43,≥48,≥53,≥58,≤62,,,,,Responder,,,,,,,,,,,,,,,Continue,,,,,,,,,Orders 7 and 9,,,,,,,,,,order9,,,order5,,,Continue,,,Continue,DECFBA,Images loaded ok,approve with $2.15 bonus,END QUESTIONNAIRE,11926
1,1570641660900,09/10/2019 17:21:00,1570641659894,-7,09/10/2019 10:20:59,9792,17,questionnaire-mie5,,3166199,A1L0T8IFHPA77E,875829,,complete,ajgwbi,,computer,Desktop or Laptop,Linux x86_64,Chrome 77.0.3865.92,640x360,980x429,approve with $2.15 bonus,IPANAT SAMFE,1,words,English_Native,No_Psych,Responder,a_pos,18+,,≥23,≥28,,≥33,,,,,,,ACCEPT,,,,≥38,≥43,≥48,≥53,≥58,≤62,,,,,,,,,Orders 11 and 12,,,,,order11,,,Continue,,,Continue,,,,,order3,,,,,,,,,,,,,,,,,,,,,,,Continue,EFDACB,Images loaded ok,approve with $2.15 bonus,BEGIN QUESTIONNAIRE,
2,1570641670717,09/10/2019 17:21:10,1570641669709,-7,09/10/2019 10:21:09,9792,17,questionnaire-mie5,,3166199,A1L0T8IFHPA77E,875829,,complete,ajgwbi,,computer,Desktop or Laptop,Linux x86_64,Chrome 77.0.3865.92,640x360,980x429,approve with $2.15 bonus,IPANAT SAMFE,1,words,English_Native,No_Psych,Responder,a_pos,18+,,≥23,≥28,,≥33,,,,,,,ACCEPT,,,,≥38,≥43,≥48,≥53,≥58,≤62,,,,,,,,,Orders 11 and 12,,,,,order11,,,Continue,,,Continue,,,,,order3,,,,,,,,,,,,,,,,,,,,,,,Continue,EFDACB,Images loaded ok,approve with $2.15 bonus,happy,1 - doesn't fit at all
3,1570641670998,09/10/2019 17:21:10,1570641669715,-7,09/10/2019 10:21:09,9792,17,questionnaire-mie5,,3166199,A1L0T8IFHPA77E,875829,,complete,ajgwbi,,computer,Desktop or Laptop,Linux x86_64,Chrome 77.0.3865.92,640x360,980x429,approve with $2.15 bonus,IPANAT SAMFE,1,words,English_Native,No_Psych,Responder,a_pos,18+,,≥23,≥28,,≥33,,,,,,,ACCEPT,,,,≥38,≥43,≥48,≥53,≥58,≤62,,,,,,,,,Orders 11 and 12,,,,,order11,,,Continue,,,Continue,,,,,order3,,,,,,,,,,,,,,,,,,,,,,,Continue,EFDACB,Images loaded ok,approve with $2.15 bonus,happy-quantised,1
4,1570641670998,09/10/2019 17:21:10,1570641669716,-7,09/10/2019 10:21:09,9792,17,questionnaire-mie5,,3166199,A1L0T8IFHPA77E,875829,,complete,ajgwbi,,computer,Desktop or Laptop,Linux x86_64,Chrome 77.0.3865.92,640x360,980x429,approve with $2.15 bonus,IPANAT SAMFE,1,words,English_Native,No_Psych,Responder,a_pos,18+,,≥23,≥28,,≥33,,,,,,,ACCEPT,,,,≥38,≥43,≥48,≥53,≥58,≤62,,,,,,,,,Orders 11 and 12,,,,,order11,,,Continue,,,Continue,,,,,order3,,,,,,,,,,,,,,,,,,,,,,,Continue,EFDACB,Images loaded ok,approve with $2.15 bonus,helpless,4 - fits very well
5,1570641670998,09/10/2019 17:21:10,1570641669717,-7,09/10/2019 10:21:09,9792,17,questionnaire-mie5,,3166199,A1L0T8IFHPA77E,875829,,complete,ajgwbi,,computer,Desktop or Laptop,Linux x86_64,Chrome 77.0.3865.92,640x360,980x429,approve with $2.15 bonus,IPANAT SAMFE,1,words,English_Native,No_Psych,Responder,a_pos,18+,,≥23,≥28,,≥33,,,,,,,ACCEPT,,,,≥38,≥43,≥48,≥53,≥58,≤62,,,,,,,,,Orders 11 and 12,,,,,order11,,,Continue,,,Continue,,,,,order3,,,,,,,,,,,,,,,,,,,,,,,Continue,EFDACB,Images loaded ok,approve with $2.15 bonus,helpless-quantised,4
6,1570641670998,09/10/2019 17:21:10,1570641669718,-7,09/10/2019 10:21:09,9792,17,questionnaire-mie5,,3166199,A1L0T8IFHPA77E,875829,,complete,ajgwbi,,computer,Desktop or Laptop,Linux x86_64,Chrome 77.0.3865.92,640x360,980x429,approve with $2.15 bonus,IPANAT SAMFE,1,words,English_Native,No_Psych,Responder,a_pos,18+,,≥23,≥28,,≥33,,,,,,,ACCEPT,,,,≥38,≥43,≥48,≥53,≥58,≤62,,,,,,,,,Orders 11 and 12,,,,,order11,,,Continue,,,Continue,,,,,order3,,,,,,,,,,,,,,,,,,,,,,,Continue,EFDACB,Images loaded ok,approve with $2.15 bonus,energetic,1 - doesn't fit at all
7,1570641670998,09/10/2019 17:21:10,1570641669718,-7,09/10/2019 10:21:09,9792,17,questionnaire-mie5,,3166199,A1L0T8IFHPA77E,875829,,complete,ajgwbi,,computer,Desktop or Laptop,Linux x86_64,Chrome 77.0.3865.92,640x360,980x429,approve with $2.15 bonus,IPANAT SAMFE,1,words,English_Native,No_Psych,Responder,a_pos,18+,,≥23,≥28,,≥33,,,,,,,ACCEPT,,,,≥38,≥43,≥48,≥53,≥58,≤62,,,,,,,,,Orders 11 and 12,,,,,order11,,,Continue,,,Continue,,,,,order3,,,,,,,,,,,,,,,,,,,,,,,Continue,EFDACB,Images loaded ok,approve with $2.15 bonus,energetic-quantised,1
8,1570641670998,09/10/2019 17:21:10,1570641669719,-7,09/10/2019 10:21:09,9792,17,questionnaire-mie5,,3166199,A1L0T8IFHPA77E,875829,,complete,ajgwbi,,computer,Desktop or Laptop,Linux x86_64,Chrome 77.0.3865.92,640x360,980x429,approve with $2.15 bonus,IPANAT SAMFE,1,words,English_Native,No_Psych,Responder,a_pos,18+,,≥23,≥28,,≥33,,,,,,,ACCEPT,,,,≥38,≥43,≥48,≥53,≥58,≤62,,,,,,,,,Orders 11 and 12,,,,,order11,,,Continue,,,Continue,,,,,order3,,,,,,,,,,,,,,,,,,,,,,,Continue,EFDACB,Images loaded ok,approve with $2.15 bonus,tense,4 - fits very well
9,1570641670998,09/10/2019 17:21:10,1570641669720,-7,09/10/2019 10:21:09,9792,17,questionnaire-mie5,,3166199,A1L0T8IFHPA77E,875829,,complete,ajgwbi,,computer,Desktop or Laptop,Linux x86_64,Chrome 77.0.3865.92,640x360,980x429,approve with $2.15 bonus,IPANAT SAMFE,1,words,English_Native,No_Psych,Responder,a_pos,18+,,≥23,≥28,,≥33,,,,,,,ACCEPT,,,,≥38,≥43,≥48,≥53,≥58,≤62,,,,,,,,,Orders 11 and 12,,,,,order11,,,Continue,,,Continue,,,,,order3,,,,,,,,,,,,,,,,,,,,,,,Continue,EFDACB,Images loaded ok,approve with $2.15 bonus,tense-quantised,4
10,1570641670998,09/10/2019 17:21:10,1570641669721,-7,09/10/2019 10:21:09,9792,17,questionnaire-mie5,,3166199,A1L0T8IFHPA77E,875829,,complete,ajgwbi,,computer,Desktop or Laptop,Linux x86_64,Chrome 77.0.3865.92,640x360,980x429,approve with $2.15 bonus,IPANAT SAMFE,1,words,English_Native,No_Psych,Responder,a_pos,18+,,≥23,≥28,,≥33,,,,,,,ACCEPT,,,,≥38,≥43,≥48,≥53,≥58,≤62,,,,,,,,,Orders 11 and 12,,,,,order11,,,Continue,,,Continue,,,,,order3,,,,,,,,,,,,,,,,,,,,,,,Continue,EFDACB,Images loaded ok,approve with $2.15 bonus,cheerful,1 - doesn't fit at all
11,1570641670998,09/10/2019 17:21:10,1570641669722,-7,09/10/2019 10:21:09,9792,17,questionnaire-mie5,,3166199,A1L0T8IFHPA77E,875829,,complete,ajgwbi,,computer,Desktop or Laptop,Linux x86_64,Chrome 77.0.3865.92,640x360,980x429,approve with $2.15 bonus,IPANAT SAMFE,1,words,English_Native,No_Psych,Responder,a_pos,18+,,≥23,≥28,,≥33,,,,,,,ACCEPT,,,,≥38,≥43,≥48,≥53,≥58,≤62,,,,,,,,,Orders 11 and 12,,,,,order11,,,Continue,,,Continue,,,,,order3,,,,,,,,,,,,,,,,,,,,,,,Continue,EFDACB,Images loaded ok,approve with $2.15 bonus,cheerful-quantised,1
12,1570641670998,09/10/2019 17:21:10,1570641669723,-7,09/10/2019 10:21:09,9792,17,questionnaire-mie5,,3166199,A1L0T8IFHPA77E,875829,,complete,ajgwbi,,computer,Desktop or Laptop,Linux x86_64,Chrome 77.0.3865.92,640x360,980x429,approve with $2.15 bonus,IPANAT SAMFE,1,words,English_Native,No_Psych,Responder,a_pos,18+,,≥23,≥28,,≥33,,,,,,,ACCEPT,,,,≥38,≥43,≥48,≥53,≥58,≤62,,,,,,,,,Orders 11 and 12,,,,,order11,,,Continue,,,Continue,,,,,order3,,,,,,,,,,,,,,,,,,,,,,,Continue,EFDACB,Images loaded ok,approve with $2.15 bonus,inhibited,4 - fits very well
13,1570641670998,09/10/2019 17:21:10,1570641669723,-7,09/10/2019 10:21:09,9792,17,questionnaire-mie5,,3166199,A1L0T8IFHPA77E,875829,,complete,ajgwbi,,computer,Desktop or Laptop,Linux x86_64,Chrome 77.0.3865.92,640x360,980x429,approve with $2.15 bonus,IPANAT SAMFE,1,words,English_Native,No_Psych,Responder,a_pos,18+,,≥23,≥28,,≥33,,,,,,,ACCEPT,,,,≥38,≥43,≥48,≥53,≥58,≤62,,,,,,,,,Orders 11 and 12,,,,,order11,,,Continue,,,Continue,,,,,order3,,,,,,,,,,,,,,,,,,,,,,,Continue,EFDACB,Images loaded ok,approve with $2.15 bonus,inhibited-quantised,4
14,1570641670998,09/10/2019 17:21:10,1570641669724,-7,09/10/2019 10:21:09,9792,17,questionnaire-mie5,,3166199,A1L0T8IFHPA77E,875829,,complete,ajgwbi,,computer,Desktop or Laptop,Linux x86_64,Chrome 77.0.3865.92,640x360,980x429,approve with $2.15 bonus,IPANAT SAMFE,1,words,English_Native,No_Psych,Responder,a_pos,18+,,≥23,≥28,,≥33,,,,,,,ACCEPT,,,,≥38,≥43,≥48,≥53,≥58,≤62,,,,,,,,,Orders 11 and 12,,,,,order11,,,Continue,,,Continue,,,,,order3,,,,,,,,,,,,,,,,,,,,,,,Continue,EFDACB,Images loaded ok,approve with $2.15 bonus,END QUESTIONNAIRE,9831
1,1570642534641,09/10/2019 17:35:34,1570642536791,-7,09/10/2019 10:35:36,9792,17,questionnaire-mie5,,3166249,A2YCP9JVYJ8UQR,875848,,complete,funafv,,computer,Desktop or Laptop,Windows 10,Chrome 77.0.3865.90,1536x864,1536x864,approve with $2.15 bonus,IPANAT SAMFE,1,words,English_Native,No_Psych,,l_pos,18+,,≥23,≥28,,≥33,,ACCEPT,,,,,,,,,≤37,,,,,,,,,,Responder,,,,,,,,,,,,,,,Continue,,,,,,,,,Orders 5 and 6,,,,,,,order5,order10,Continue,,,,,,,,,,Continue,FAEBDC,Images loaded ok,approve with $2.15 bonus,BEGIN QUESTIONNAIRE,
2,1570642546187,09/10/2019 17:35:46,1570642548361,-7,09/10/2019 10:35:48,9792,17,questionnaire-mie5,,3166249,A2YCP9JVYJ8UQR,875848,,complete,funafv,,computer,Desktop or Laptop,Windows 10,Chrome 77.0.3865.90,1536x864,1519x864,approve with $2.15 bonus,IPANAT SAMFE,1,words,English_Native,No_Psych,,l_pos,18+,,≥23,≥28,,≥33,,ACCEPT,,,,,,,,,≤37,,,,,,,,,,Responder,,,,,,,,,,,,,,,Continue,,,,,,,,,Orders 5 and 6,,,,,,,order5,order10,Continue,,,,,,,,,,Continue,FAEBDC,Images loaded ok,approve with $2.15 bonus,happy,1 - doesn't fit at all
3,1570642546390,09/10/2019 17:35:46,1570642548363,-7,09/10/2019 10:35:48,9792,17,questionnaire-mie5,,3166249,A2YCP9JVYJ8UQR,875848,,complete,funafv,,computer,Desktop or Laptop,Windows 10,Chrome 77.0.3865.90,1536x864,1519x864,approve with $2.15 bonus,IPANAT SAMFE,1,words,English_Native,No_Psych,,l_pos,18+,,≥23,≥28,,≥33,,ACCEPT,,,,,,,,,≤37,,,,,,,,,,Responder,,,,,,,,,,,,,,,Continue,,,,,,,,,Orders 5 and 6,,,,,,,order5,order10,Continue,,,,,,,,,,Continue,FAEBDC,Images loaded ok,approve with $2.15 bonus,happy-quantised,1
4,1570642546390,09/10/2019 17:35:46,1570642548363,-7,09/10/2019 10:35:48,9792,17,questionnaire-mie5,,3166249,A2YCP9JVYJ8UQR,875848,,complete,funafv,,computer,Desktop or Laptop,Windows 10,Chrome 77.0.3865.90,1536x864,1519x864,approve with $2.15 bonus,IPANAT SAMFE,1,words,English_Native,No_Psych,,l_pos,18+,,≥23,≥28,,≥33,,ACCEPT,,,,,,,,,≤37,,,,,,,,,,Responder,,,,,,,,,,,,,,,Continue,,,,,,,,,Orders 5 and 6,,,,,,,order5,order10,Continue,,,,,,,,,,Continue,FAEBDC,Images loaded ok,approve with $2.15 bonus,helpless,3 - fits quite well
5,1570642546390,09/10/2019 17:35:46,1570642548363,-7,09/10/2019 10:35:48,9792,17,questionnaire-mie5,,3166249,A2YCP9JVYJ8UQR,875848,,complete,funafv,,computer,Desktop or Laptop,Windows 10,Chrome 77.0.3865.90,1536x864,1519x864,approve with $2.15 bonus,IPANAT SAMFE,1,words,English_Native,No_Psych,,l_pos,18+,,≥23,≥28,,≥33,,ACCEPT,,,,,,,,,≤37,,,,,,,,,,Responder,,,,,,,,,,,,,,,Continue,,,,,,,,,Orders 5 and 6,,,,,,,order5,order10,Continue,,,,,,,,,,Continue,FAEBDC,Images loaded ok,approve with $2.15 bonus,helpless-quantised,3
6,1570642546390,09/10/2019 17:35:46,1570642548363,-7,09/10/2019 10:35:48,9792,17,questionnaire-mie5,,3166249,A2YCP9JVYJ8UQR,875848,,complete,funafv,,computer,Desktop or Laptop,Windows 10,Chrome 77.0.3865.90,1536x864,1519x864,approve with $2.15 bonus,IPANAT SAMFE,1,words,English_Native,No_Psych,,l_pos,18+,,≥23,≥28,,≥33,,ACCEPT,,,,,,,,,≤37,,,,,,,,,,Responder,,,,,,,,,,,,,,,Continue,,,,,,,,,Orders 5 and 6,,,,,,,order5,order10,Continue,,,,,,,,,,Continue,FAEBDC,Images loaded ok,approve with $2.15 bonus,energetic,1 - doesn't fit at all
7,1570642546390,09/10/2019 17:35:46,1570642548363,-7,09/10/2019 10:35:48,9792,17,questionnaire-mie5,,3166249,A2YCP9JVYJ8UQR,875848,,complete,funafv,,computer,Desktop or Laptop,Windows 10,Chrome 77.0.3865.90,1536x864,1519x864,approve with $2.15 bonus,IPANAT SAMFE,1,words,English_Native,No_Psych,,l_pos,18+,,≥23,≥28,,≥33,,ACCEPT,,,,,,,,,≤37,,,,,,,,,,Responder,,,,,,,,,,,,,,,Continue,,,,,,,,,Orders 5 and 6,,,,,,,order5,order10,Continue,,,,,,,,,,Continue,FAEBDC,Images loaded ok,approve with $2.15 bonus,energetic-quantised,1
8,1570642546390,09/10/2019 17:35:46,1570642548363,-7,09/10/2019 10:35:48,9792,17,questionnaire-mie5,,3166249,A2YCP9JVYJ8UQR,875848,,complete,funafv,,computer,Desktop or Laptop,Windows 10,Chrome 77.0.3865.90,1536x864,1519x864,approve with $2.15 bonus,IPANAT SAMFE,1,words,English_Native,No_Psych,,l_pos,18+,,≥23,≥28,,≥33,,ACCEPT,,,,,,,,,≤37,,,,,,,,,,Responder,,,,,,,,,,,,,,,Continue,,,,,,,,,Orders 5 and 6,,,,,,,order5,order10,Continue,,,,,,,,,,Continue,FAEBDC,Images loaded ok,approve with $2.15 bonus,END QUESTIONNAIRE,11572
9,1570642546390,09/10/2019 17:35:46,1570642548363,-7,09/10/2019 10:35:48,9792,17,questionnaire-mie5,,3166249,A2YCP9JVYJ8UQR,875848,,complete,funafv,,computer,Desktop or Laptop,Windows 10,Chrome 77.0.3865.90,1536x864,1519x864,approve with $2.15 bonus,IPANAT SAMFE,1,words,English_Native,No_Psych,,l_pos,18+,,≥23,≥28,,≥33,,ACCEPT,,,,,,,,,≤37,,,,,,,,,,Responder,,,,,,,,,,,,,,,Continue,,,,,,,,,Orders 5 and 6,,,,,,,order5,order10,Continue,,,,,,,,,,Continue,FAEBDC,Images loaded ok,approve with $2.15 bonus,tense-quantised,3
10,1570642546390,09/10/2019 17:35:46,1570642548363,-7,09/10/2019 10:35:48,9792,17,questionnaire-mie5,,3166249,A2YCP9JVYJ8UQR,875848,,complete,funafv,,computer,Desktop or Laptop,Windows 10,Chrome 77.0.3865.90,1536x864,1519x864,approve with $2.15 bonus,IPANAT SAMFE,1,words,English_Native,No_Psych,,l_pos,18+,,≥23,≥28,,≥33,,ACCEPT,,,,,,,,,≤37,,,,,,,,,,Responder,,,,,,,,,,,,,,,Continue,,,,,,,,,Orders 5 and 6,,,,,,,order5,order10,Continue,,,,,,,,,,Continue,FAEBDC,Images loaded ok,approve with $2.15 bonus,cheerful,1 - doesn't fit at all
11,1570642546390,09/10/2019 17:35:46,1570642548363,-7,09/10/2019 10:35:48,9792,17,questionnaire-mie5,,3166249,A2YCP9JVYJ8UQR,875848,,complete,funafv,,computer,Desktop or Laptop,Windows 10,Chrome 77.0.3865.90,1536x864,1519x864,approve with $2.15 bonus,IPANAT SAMFE,1,words,English_Native,No_Psych,,l_pos,18+,,≥23,≥28,,≥33,,ACCEPT,,,,,,,,,≤37,,,,,,,,,,Responder,,,,,,,,,,,,,,,Continue,,,,,,,,,Orders 5 and 6,,,,,,,order5,order10,Continue,,,,,,,,,,Continue,FAEBDC,Images loaded ok,approve with $2.15 bonus,cheerful-quantised,1
12,1570642546390,09/10/2019 17:35:46,1570642548363,-7,09/10/2019 10:35:48,9792,17,questionnaire-mie5,,3166249,A2YCP9JVYJ8UQR,875848,,complete,funafv,,computer,Desktop or Laptop,Windows 10,Chrome 77.0.3865.90,1536x864,1519x864,approve with $2.15 bonus,IPANAT SAMFE,1,words,English_Native,No_Psych,,l_pos,18+,,≥23,≥28,,≥33,,ACCEPT,,,,,,,,,≤37,,,,,,,,,,Responder,,,,,,,,,,,,,,,Continue,,,,,,,,,Orders 5 and 6,,,,,,,order5,order10,Continue,,,,,,,,,,Continue,FAEBDC,Images loaded ok,approve with $2.15 bonus,inhibited,4 - fits very well
13,1570642546390,09/10/2019 17:35:46,1570642548363,-7,09/10/2019 10:35:48,9792,17,questionnaire-mie5,,3166249,A2YCP9JVYJ8UQR,875848,,complete,funafv,,computer,Desktop or Laptop,Windows 10,Chrome 77.0.3865.90,1536x864,1519x864,approve with $2.15 bonus,IPANAT SAMFE,1,words,English_Native,No_Psych,,l_pos,18+,,≥23,≥28,,≥33,,ACCEPT,,,,,,,,,≤37,,,,,,,,,,Responder,,,,,,,,,,,,,,,Continue,,,,,,,,,Orders 5 and 6,,,,,,,order5,order10,Continue,,,,,,,,,,Continue,FAEBDC,Images loaded ok,approve with $2.15 bonus,inhibited-quantised,4
14,1570642546390,09/10/2019 17:35:46,1570642548363,-7,09/10/2019 10:35:48,9792,17,questionnaire-mie5,,3166249,A2YCP9JVYJ8UQR,875848,,complete,funafv,,computer,Desktop or Laptop,Windows 10,Chrome 77.0.3865.90,1536x864,1519x864,approve with $2.15 bonus,IPANAT SAMFE,1,words,English_Native,No_Psych,,l_pos,18+,,≥23,≥28,,≥33,,ACCEPT,,,,,,,,,≤37,,,,,,,,,,Responder,,,,,,,,,,,,,,,Continue,,,,,,,,,Orders 5 and 6,,,,,,,order5,order10,Continue,,,,,,,,,,Continue,FAEBDC,Images loaded ok,approve with $2.15 bonus,tense,3 - fits quite well
1,1570643351852,09/10/2019 17:49:11,1570643353237,-4,09/10/2019 13:49:13,9792,17,questionnaire-mie5,,3166348,A22UUVL27L2WU1,875886,,complete,kotbhd,,computer,Desktop or Laptop,Windows 10,Chrome 77.0.3865.90,1366x768,1242x568,approve with $2.15 bonus,IPANAT SAMFE,1,words,English_Native,No_Psych,Responder,a_pos,18+,,≥23,≥28,,≥33,,,,ACCEPT,,,,,,,≥38,≥43,≤47,,,,,,,,,,,,Orders 2 and 4,order2,,,,,,,,,,Continue,,Continue,order12,,,,,,,,,,,,,,,,,,,,,,,,,Continue,ABFCED,Images loaded ok,approve with $2.15 bonus,BEGIN QUESTIONNAIRE,
2,1570643369881,09/10/2019 17:49:29,1570643371017,-4,09/10/2019 13:49:31,9792,17,questionnaire-mie5,,3166348,A22UUVL27L2WU1,875886,,complete,kotbhd,,computer,Desktop or Laptop,Windows 10,Chrome 77.0.3865.90,1366x768,1226x568,approve with $2.15 bonus,IPANAT SAMFE,1,words,English_Native,No_Psych,Responder,a_pos,18+,,≥23,≥28,,≥33,,,,ACCEPT,,,,,,,≥38,≥43,≤47,,,,,,,,,,,,Orders 2 and 4,order2,,,,,,,,,,Continue,,Continue,order12,,,,,,,,,,,,,,,,,,,,,,,,,Continue,ABFCED,Images loaded ok,approve with $2.15 bonus,happy,2 - fits somewhat
3,1570643370054,09/10/2019 17:49:30,1570643371022,-4,09/10/2019 13:49:31,9792,17,questionnaire-mie5,,3166348,A22UUVL27L2WU1,875886,,complete,kotbhd,,computer,Desktop or Laptop,Windows 10,Chrome 77.0.3865.90,1366x768,1226x568,approve with $2.15 bonus,IPANAT SAMFE,1,words,English_Native,No_Psych,Responder,a_pos,18+,,≥23,≥28,,≥33,,,,ACCEPT,,,,,,,≥38,≥43,≤47,,,,,,,,,,,,Orders 2 and 4,order2,,,,,,,,,,Continue,,Continue,order12,,,,,,,,,,,,,,,,,,,,,,,,,Continue,ABFCED,Images loaded ok,approve with $2.15 bonus,happy-quantised,2
4,1570643370054,09/10/2019 17:49:30,1570643371023,-4,09/10/2019 13:49:31,9792,17,questionnaire-mie5,,3166348,A22UUVL27L2WU1,875886,,complete,kotbhd,,computer,Desktop or Laptop,Windows 10,Chrome 77.0.3865.90,1366x768,1226x568,approve with $2.15 bonus,IPANAT SAMFE,1,words,English_Native,No_Psych,Responder,a_pos,18+,,≥23,≥28,,≥33,,,,ACCEPT,,,,,,,≥38,≥43,≤47,,,,,,,,,,,,Orders 2 and 4,order2,,,,,,,,,,Continue,,Continue,order12,,,,,,,,,,,,,,,,,,,,,,,,,Continue,ABFCED,Images loaded ok,approve with $2.15 bonus,helpless,2 - fits somewhat
5,1570643370054,09/10/2019 17:49:30,1570643371024,-4,09/10/2019 13:49:31,9792,17,questionnaire-mie5,,3166348,A22UUVL27L2WU1,875886,,complete,kotbhd,,computer,Desktop or Laptop,Windows 10,Chrome 77.0.3865.90,1366x768,1226x568,approve with $2.15 bonus,IPANAT SAMFE,1,words,English_Native,No_Psych,Responder,a_pos,18+,,≥23,≥28,,≥33,,,,ACCEPT,,,,,,,≥38,≥43,≤47,,,,,,,,,,,,Orders 2 and 4,order2,,,,,,,,,,Continue,,Continue,order12,,,,,,,,,,,,,,,,,,,,,,,,,Continue,ABFCED,Images loaded ok,approve with $2.15 bonus,helpless-quantised,2
6,1570643370054,09/10/2019 17:49:30,1570643371025,-4,09/10/2019 13:49:31,9792,17,questionnaire-mie5,,3166348,A22UUVL27L2WU1,875886,,complete,kotbhd,,computer,Desktop or Laptop,Windows 10,Chrome 77.0.3865.90,1366x768,1226x568,approve with $2.15 bonus,IPANAT SAMFE,1,words,English_Native,No_Psych,Responder,a_pos,18+,,≥23,≥28,,≥33,,,,ACCEPT,,,,,,,≥38,≥43,≤47,,,,,,,,,,,,Orders 2 and 4,order2,,,,,,,,,,Continue,,Continue,order12,,,,,,,,,,,,,,,,,,,,,,,,,Continue,ABFCED,Images loaded ok,approve with $2.15 bonus,energetic,4 - fits very well
7,1570643370054,09/10/2019 17:49:30,1570643371025,-4,09/10/2019 13:49:31,9792,17,questionnaire-mie5,,3166348,A22UUVL27L2WU1,875886,,complete,kotbhd,,computer,Desktop or Laptop,Windows 10,Chrome 77.0.3865.90,1366x768,1226x568,approve with $2.15 bonus,IPANAT SAMFE,1,words,English_Native,No_Psych,Responder,a_pos,18+,,≥23,≥28,,≥33,,,,ACCEPT,,,,,,,≥38,≥43,≤47,,,,,,,,,,,,Orders 2 and 4,order2,,,,,,,,,,Continue,,Continue,order12,,,,,,,,,,,,,,,,,,,,,,,,,Continue,ABFCED,Images loaded ok,approve with $2.15 bonus,energetic-quantised,4
8,1570643370054,09/10/2019 17:49:30,1570643371026,-4,09/10/2019 13:49:31,9792,17,questionnaire-mie5,,3166348,A22UUVL27L2WU1,875886,,complete,kotbhd,,computer,Desktop or Laptop,Windows 10,Chrome 77.0.3865.90,1366x768,1226x568,approve with $2.15 bonus,IPANAT SAMFE,1,words,English_Native,No_Psych,Responder,a_pos,18+,,≥23,≥28,,≥33,,,,ACCEPT,,,,,,,≥38,≥43,≤47,,,,,,,,,,,,Orders 2 and 4,order2,,,,,,,,,,Continue,,Continue,order12,,,,,,,,,,,,,,,,,,,,,,,,,Continue,ABFCED,Images loaded ok,approve with $2.15 bonus,tense,1 - doesn't fit at all
9,1570643370054,09/10/2019 17:49:30,1570643371026,-4,09/10/2019 13:49:31,9792,17,questionnaire-mie5,,3166348,A22UUVL27L2WU1,875886,,complete,kotbhd,,computer,Desktop or Laptop,Windows 10,Chrome 77.0.3865.90,1366x768,1226x568,approve with $2.15 bonus,IPANAT SAMFE,1,words,English_Native,No_Psych,Responder,a_pos,18+,,≥23,≥28,,≥33,,,,ACCEPT,,,,,,,≥38,≥43,≤47,,,,,,,,,,,,Orders 2 and 4,order2,,,,,,,,,,Continue,,Continue,order12,,,,,,,,,,,,,,,,,,,,,,,,,Continue,ABFCED,Images loaded ok,approve with $2.15 bonus,tense-quantised,1
10,1570643370054,09/10/2019 17:49:30,1570643371026,-4,09/10/2019 13:49:31,9792,17,questionnaire-mie5,,3166348,A22UUVL27L2WU1,875886,,complete,kotbhd,,computer,Desktop or Laptop,Windows 10,Chrome 77.0.3865.90,1366x768,1226x568,approve with $2.15 bonus,IPANAT SAMFE,1,words,English_Native,No_Psych,Responder,a_pos,18+,,≥23,≥28,,≥33,,,,ACCEPT,,,,,,,≥38,≥43,≤47,,,,,,,,,,,,Orders 2 and 4,order2,,,,,,,,,,Continue,,Continue,order12,,,,,,,,,,,,,,,,,,,,,,,,,Continue,ABFCED,Images loaded ok,approve with $2.15 bonus,cheerful,2 - fits somewhat
11,1570643370054,09/10/2019 17:49:30,1570643371027,-4,09/10/2019 13:49:31,9792,17,questionnaire-mie5,,3166348,A22UUVL27L2WU1,875886,,complete,kotbhd,,computer,Desktop or Laptop,Windows 10,Chrome 77.0.3865.90,1366x768,1226x568,approve with $2.15 bonus,IPANAT SAMFE,1,words,English_Native,No_Psych,Responder,a_pos,18+,,≥23,≥28,,≥33,,,,ACCEPT,,,,,,,≥38,≥43,≤47,,,,,,,,,,,,Orders 2 and 4,order2,,,,,,,,,,Continue,,Continue,order12,,,,,,,,,,,,,,,,,,,,,,,,,Continue,ABFCED,Images loaded ok,approve with $2.15 bonus,cheerful-quantised,2
12,1570643370054,09/10/2019 17:49:30,1570643371027,-4,09/10/2019 13:49:31,9792,17,questionnaire-mie5,,3166348,A22UUVL27L2WU1,875886,,complete,kotbhd,,computer,Desktop or Laptop,Windows 10,Chrome 77.0.3865.90,1366x768,1226x568,approve with $2.15 bonus,IPANAT SAMFE,1,words,English_Native,No_Psych,Responder,a_pos,18+,,≥23,≥28,,≥33,,,,ACCEPT,,,,,,,≥38,≥43,≤47,,,,,,,,,,,,Orders 2 and 4,order2,,,,,,,,,,Continue,,Continue,order12,,,,,,,,,,,,,,,,,,,,,,,,,Continue,ABFCED,Images loaded ok,approve with $2.15 bonus,inhibited,1 - doesn't fit at all
13,1570643370054,09/10/2019 17:49:30,1570643371028,-4,09/10/2019 13:49:31,9792,17,questionnaire-mie5,,3166348,A22UUVL27L2WU1,875886,,complete,kotbhd,,computer,Desktop or Laptop,Windows 10,Chrome 77.0.3865.90,1366x768,1226x568,approve with $2.15 bonus,IPANAT SAMFE,1,words,English_Native,No_Psych,Responder,a_pos,18+,,≥23,≥28,,≥33,,,,ACCEPT,,,,,,,≥38,≥43,≤47,,,,,,,,,,,,Orders 2 and 4,order2,,,,,,,,,,Continue,,Continue,order12,,,,,,,,,,,,,,,,,,,,,,,,,Continue,ABFCED,Images loaded ok,approve with $2.15 bonus,inhibited-quantised,1
14,1570643370054,09/10/2019 17:49:30,1570643371028,-4,09/10/2019 13:49:31,9792,17,questionnaire-mie5,,3166348,A22UUVL27L2WU1,875886,,complete,kotbhd,,computer,Desktop or Laptop,Windows 10,Chrome 77.0.3865.90,1366x768,1226x568,approve with $2.15 bonus,IPANAT SAMFE,1,words,English_Native,No_Psych,Responder,a_pos,18+,,≥23,≥28,,≥33,,,,ACCEPT,,,,,,,≥38,≥43,≤47,,,,,,,,,,,,Orders 2 and 4,order2,,,,,,,,,,Continue,,Continue,order12,,,,,,,,,,,,,,,,,,,,,,,,,Continue,ABFCED,Images loaded ok,approve with $2.15 bonus,END QUESTIONNAIRE,17791
1,1570643622946,09/10/2019 17:53:42,1570643623664,-4,09/10/2019 13:53:43,9792,17,questionnaire-mie5,,3166377,A3FNC8ELMK8YJA,875896,,complete,kxmxic,,computer,Desktop or Laptop,Windows 10,Chrome 77.0.3865.90,1366x768,1302x697,approve with $2.15 bonus,IPANAT SAMFE,1,words,English_Native,No_Psych,,l_pos,18+,,≥23,≥28,,≥33,,,,,,ACCEPT,,,,,≥38,≥43,≥48,≥53,≤57,,,,,,Responder,,,,,,,,,,,,,,,Continue,,,,,,,,,Orders 8 and 10,,,,,,,,,,,,order8,,order2,,,Continue,,Continue,BCADFE,Images loaded ok,approve with $2.15 bonus,BEGIN QUESTIONNAIRE,
2,1570643642508,09/10/2019 17:54:02,1570643642951,-4,09/10/2019 13:54:02,9792,17,questionnaire-mie5,,3166377,A3FNC8ELMK8YJA,875896,,complete,kxmxic,,computer,Desktop or Laptop,Windows 10,Chrome 77.0.3865.90,1366x768,1285x697,approve with $2.15 bonus,IPANAT SAMFE,1,words,English_Native,No_Psych,,l_pos,18+,,≥23,≥28,,≥33,,,,,,ACCEPT,,,,,≥38,≥43,≥48,≥53,≤57,,,,,,Responder,,,,,,,,,,,,,,,Continue,,,,,,,,,Orders 8 and 10,,,,,,,,,,,,order8,,order2,,,Continue,,Continue,BCADFE,Images loaded ok,approve with $2.15 bonus,happy,4 - fits very well
3,1570643642664,09/10/2019 17:54:02,1570643642961,-4,09/10/2019 13:54:02,9792,17,questionnaire-mie5,,3166377,A3FNC8ELMK8YJA,875896,,complete,kxmxic,,computer,Desktop or Laptop,Windows 10,Chrome 77.0.3865.90,1366x768,1285x697,approve with $2.15 bonus,IPANAT SAMFE,1,words,English_Native,No_Psych,,l_pos,18+,,≥23,≥28,,≥33,,,,,,ACCEPT,,,,,≥38,≥43,≥48,≥53,≤57,,,,,,Responder,,,,,,,,,,,,,,,Continue,,,,,,,,,Orders 8 and 10,,,,,,,,,,,,order8,,order2,,,Continue,,Continue,BCADFE,Images loaded ok,approve with $2.15 bonus,happy-quantised,4
4,1570643642664,09/10/2019 17:54:02,1570643642962,-4,09/10/2019 13:54:02,9792,17,questionnaire-mie5,,3166377,A3FNC8ELMK8YJA,875896,,complete,kxmxic,,computer,Desktop or Laptop,Windows 10,Chrome 77.0.3865.90,1366x768,1285x697,approve with $2.15 bonus,IPANAT SAMFE,1,words,English_Native,No_Psych,,l_pos,18+,,≥23,≥28,,≥33,,,,,,ACCEPT,,,,,≥38,≥43,≥48,≥53,≤57,,,,,,Responder,,,,,,,,,,,,,,,Continue,,,,,,,,,Orders 8 and 10,,,,,,,,,,,,order8,,order2,,,Continue,,Continue,BCADFE,Images loaded ok,approve with $2.15 bonus,helpless,1 - doesn't fit at all
5,1570643642664,09/10/2019 17:54:02,1570643642963,-4,09/10/2019 13:54:02,9792,17,questionnaire-mie5,,3166377,A3FNC8ELMK8YJA,875896,,complete,kxmxic,,computer,Desktop or Laptop,Windows 10,Chrome 77.0.3865.90,1366x768,1285x697,approve with $2.15 bonus,IPANAT SAMFE,1,words,English_Native,No_Psych,,l_pos,18+,,≥23,≥28,,≥33,,,,,,ACCEPT,,,,,≥38,≥43,≥48,≥53,≤57,,,,,,Responder,,,,,,,,,,,,,,,Continue,,,,,,,,,Orders 8 and 10,,,,,,,,,,,,order8,,order2,,,Continue,,Continue,BCADFE,Images loaded ok,approve with $2.15 bonus,helpless-quantised,1
6,1570643642664,09/10/2019 17:54:02,1570643642963,-4,09/10/2019 13:54:02,9792,17,questionnaire-mie5,,3166377,A3FNC8ELMK8YJA,875896,,complete,kxmxic,,computer,Desktop or Laptop,Windows 10,Chrome 77.0.3865.90,1366x768,1285x697,approve with $2.15 bonus,IPANAT SAMFE,1,words,English_Native,No_Psych,,l_pos,18+,,≥23,≥28,,≥33,,,,,,ACCEPT,,,,,≥38,≥43,≥48,≥53,≤57,,,,,,Responder,,,,,,,,,,,,,,,Continue,,,,,,,,,Orders 8 and 10,,,,,,,,,,,,order8,,order2,,,Continue,,Continue,BCADFE,Images loaded ok,approve with $2.15 bonus,energetic,2 - fits somewhat
7,1570643642664,09/10/2019 17:54:02,1570643642964,-4,09/10/2019 13:54:02,9792,17,questionnaire-mie5,,3166377,A3FNC8ELMK8YJA,875896,,complete,kxmxic,,computer,Desktop or Laptop,Windows 10,Chrome 77.0.3865.90,1366x768,1285x697,approve with $2.15 bonus,IPANAT SAMFE,1,words,English_Native,No_Psych,,l_pos,18+,,≥23,≥28,,≥33,,,,,,ACCEPT,,,,,≥38,≥43,≥48,≥53,≤57,,,,,,Responder,,,,,,,,,,,,,,,Continue,,,,,,,,,Orders 8 and 10,,,,,,,,,,,,order8,,order2,,,Continue,,Continue,BCADFE,Images loaded ok,approve with $2.15 bonus,energetic-quantised,2
8,1570643642664,09/10/2019 17:54:02,1570643642965,-4,09/10/2019 13:54:02,9792,17,questionnaire-mie5,,3166377,A3FNC8ELMK8YJA,875896,,complete,kxmxic,,computer,Desktop or Laptop,Windows 10,Chrome 77.0.3865.90,1366x768,1285x697,approve with $2.15 bonus,IPANAT SAMFE,1,words,English_Native,No_Psych,,l_pos,18+,,≥23,≥28,,≥33,,,,,,ACCEPT,,,,,≥38,≥43,≥48,≥53,≤57,,,,,,Responder,,,,,,,,,,,,,,,Continue,,,,,,,,,Orders 8 and 10,,,,,,,,,,,,order8,,order2,,,Continue,,Continue,BCADFE,Images loaded ok,approve with $2.15 bonus,tense,1 - doesn't fit at all
9,1570643642664,09/10/2019 17:54:02,1570643642966,-4,09/10/2019 13:54:02,9792,17,questionnaire-mie5,,3166377,A3FNC8ELMK8YJA,875896,,complete,kxmxic,,computer,Desktop or Laptop,Windows 10,Chrome 77.0.3865.90,1366x768,1285x697,approve with $2.15 bonus,IPANAT SAMFE,1,words,English_Native,No_Psych,,l_pos,18+,,≥23,≥28,,≥33,,,,,,ACCEPT,,,,,≥38,≥43,≥48,≥53,≤57,,,,,,Responder,,,,,,,,,,,,,,,Continue,,,,,,,,,Orders 8 and 10,,,,,,,,,,,,order8,,order2,,,Continue,,Continue,BCADFE,Images loaded ok,approve with $2.15 bonus,tense-quantised,1
10,1570643642664,09/10/2019 17:54:02,1570643642966,-4,09/10/2019 13:54:02,9792,17,questionnaire-mie5,,3166377,A3FNC8ELMK8YJA,875896,,complete,kxmxic,,computer,Desktop or Laptop,Windows 10,Chrome 77.0.3865.90,1366x768,1285x697,approve with $2.15 bonus,IPANAT SAMFE,1,words,English_Native,No_Psych,,l_pos,18+,,≥23,≥28,,≥33,,,,,,ACCEPT,,,,,≥38,≥43,≥48,≥53,≤57,,,,,,Responder,,,,,,,,,,,,,,,Continue,,,,,,,,,Orders 8 and 10,,,,,,,,,,,,order8,,order2,,,Continue,,Continue,BCADFE,Images loaded ok,approve with $2.15 bonus,cheerful,3 - fits quite well
11,1570643642664,09/10/2019 17:54:02,1570643642967,-4,09/10/2019 13:54:02,9792,17,questionnaire-mie5,,3166377,A3FNC8ELMK8YJA,875896,,complete,kxmxic,,computer,Desktop or Laptop,Windows 10,Chrome 77.0.3865.90,1366x768,1285x697,approve with $2.15 bonus,IPANAT SAMFE,1,words,English_Native,No_Psych,,l_pos,18+,,≥23,≥28,,≥33,,,,,,ACCEPT,,,,,≥38,≥43,≥48,≥53,≤57,,,,,,Responder,,,,,,,,,,,,,,,Continue,,,,,,,,,Orders 8 and 10,,,,,,,,,,,,order8,,order2,,,Continue,,Continue,BCADFE,Images loaded ok,approve with $2.15 bonus,cheerful-quantised,3
12,1570643642664,09/10/2019 17:54:02,1570643642968,-4,09/10/2019 13:54:02,9792,17,questionnaire-mie5,,3166377,A3FNC8ELMK8YJA,875896,,complete,kxmxic,,computer,Desktop or Laptop,Windows 10,Chrome 77.0.3865.90,1366x768,1285x697,approve with $2.15 bonus,IPANAT SAMFE,1,words,English_Native,No_Psych,,l_pos,18+,,≥23,≥28,,≥33,,,,,,ACCEPT,,,,,≥38,≥43,≥48,≥53,≤57,,,,,,Responder,,,,,,,,,,,,,,,Continue,,,,,,,,,Orders 8 and 10,,,,,,,,,,,,order8,,order2,,,Continue,,Continue,BCADFE,Images loaded ok,approve with $2.15 bonus,inhibited,1 - doesn't fit at all
13,1570643642664,09/10/2019 17:54:02,1570643642970,-4,09/10/2019 13:54:02,9792,17,questionnaire-mie5,,3166377,A3FNC8ELMK8YJA,875896,,complete,kxmxic,,computer,Desktop or Laptop,Windows 10,Chrome 77.0.3865.90,1366x768,1285x697,approve with $2.15 bonus,IPANAT SAMFE,1,words,English_Native,No_Psych,,l_pos,18+,,≥23,≥28,,≥33,,,,,,ACCEPT,,,,,≥38,≥43,≥48,≥53,≤57,,,,,,Responder,,,,,,,,,,,,,,,Continue,,,,,,,,,Orders 8 and 10,,,,,,,,,,,,order8,,order2,,,Continue,,Continue,BCADFE,Images loaded ok,approve with $2.15 bonus,inhibited-quantised,1
14,1570643642664,09/10/2019 17:54:02,1570643642970,-4,09/10/2019 13:54:02,9792,17,questionnaire-mie5,,3166377,A3FNC8ELMK8YJA,875896,,complete,kxmxic,,computer,Desktop or Laptop,Windows 10,Chrome 77.0.3865.90,1366x768,1285x697,approve with $2.15 bonus,IPANAT SAMFE,1,words,English_Native,No_Psych,,l_pos,18+,,≥23,≥28,,≥33,,,,,,ACCEPT,,,,,≥38,≥43,≥48,≥53,≤57,,,,,,Responder,,,,,,,,,,,,,,,Continue,,,,,,,,,Orders 8 and 10,,,,,,,,,,,,order8,,order2,,,Continue,,Continue,BCADFE,Images loaded ok,approve with $2.15 bonus,END QUESTIONNAIRE,19306
1,1570644051680,09/10/2019 18:00:51,1570644048500,-5,09/10/2019 13:00:48,9792,17,questionnaire-mie5,,3166435,A1XJ9VFOJ4LP2X,875899,,complete,tbgikw,,computer,Desktop or Laptop,Windows 10,Chrome 77.0.3865.90,1920x1080,1920x937,approve with $2.15 bonus,IPANAT SAMFE,1,words,English_Native,No_Psych,,l_pos,18+,,≥23,≥28,,≤32,ACCEPT,,,,,,,,,,,,,,,,,,,,Responder,,,,,,,,,,,,,,,Continue,,,,,,,,,Orders 1 and 3,order3,,Continue,order9,,,,,,,,,,,,,,,Continue,DECFBA,Images loaded ok,approve with $2.15 bonus,BEGIN QUESTIONNAIRE,
2,1570644067936,09/10/2019 18:01:07,1570644064809,-5,09/10/2019 13:01:04,9792,17,questionnaire-mie5,,3166435,A1XJ9VFOJ4LP2X,875899,,complete,tbgikw,,computer,Desktop or Laptop,Windows 10,Chrome 77.0.3865.90,1920x1080,1903x937,approve with $2.15 bonus,IPANAT SAMFE,1,words,English_Native,No_Psych,,l_pos,18+,,≥23,≥28,,≤32,ACCEPT,,,,,,,,,,,,,,,,,,,,Responder,,,,,,,,,,,,,,,Continue,,,,,,,,,Orders 1 and 3,order3,,Continue,order9,,,,,,,,,,,,,,,Continue,DECFBA,Images loaded ok,approve with $2.15 bonus,happy,2 - fits somewhat
3,1570644068108,09/10/2019 18:01:08,1570644064811,-5,09/10/2019 13:01:04,9792,17,questionnaire-mie5,,3166435,A1XJ9VFOJ4LP2X,875899,,complete,tbgikw,,computer,Desktop or Laptop,Windows 10,Chrome 77.0.3865.90,1920x1080,1903x937,approve with $2.15 bonus,IPANAT SAMFE,1,words,English_Native,No_Psych,,l_pos,18+,,≥23,≥28,,≤32,ACCEPT,,,,,,,,,,,,,,,,,,,,Responder,,,,,,,,,,,,,,,Continue,,,,,,,,,Orders 1 and 3,order3,,Continue,order9,,,,,,,,,,,,,,,Continue,DECFBA,Images loaded ok,approve with $2.15 bonus,happy-quantised,2
4,1570644068108,09/10/2019 18:01:08,1570644064811,-5,09/10/2019 13:01:04,9792,17,questionnaire-mie5,,3166435,A1XJ9VFOJ4LP2X,875899,,complete,tbgikw,,computer,Desktop or Laptop,Windows 10,Chrome 77.0.3865.90,1920x1080,1903x937,approve with $2.15 bonus,IPANAT SAMFE,1,words,English_Native,No_Psych,,l_pos,18+,,≥23,≥28,,≤32,ACCEPT,,,,,,,,,,,,,,,,,,,,Responder,,,,,,,,,,,,,,,Continue,,,,,,,,,Orders 1 and 3,order3,,Continue,order9,,,,,,,,,,,,,,,Continue,DECFBA,Images loaded ok,approve with $2.15 bonus,helpless,2 - fits somewhat
5,1570644068108,09/10/2019 18:01:08,1570644064811,-5,09/10/2019 13:01:04,9792,17,questionnaire-mie5,,3166435,A1XJ9VFOJ4LP2X,875899,,complete,tbgikw,,computer,Desktop or Laptop,Windows 10,Chrome 77.0.3865.90,1920x1080,1903x937,approve with $2.15 bonus,IPANAT SAMFE,1,words,English_Native,No_Psych,,l_pos,18+,,≥23,≥28,,≤32,ACCEPT,,,,,,,,,,,,,,,,,,,,Responder,,,,,,,,,,,,,,,Continue,,,,,,,,,Orders 1 and 3,order3,,Continue,order9,,,,,,,,,,,,,,,Continue,DECFBA,Images loaded ok,approve with $2.15 bonus,helpless-quantised,2
6,1570644068108,09/10/2019 18:01:08,1570644064811,-5,09/10/2019 13:01:04,9792,17,questionnaire-mie5,,3166435,A1XJ9VFOJ4LP2X,875899,,complete,tbgikw,,computer,Desktop or Laptop,Windows 10,Chrome 77.0.3865.90,1920x1080,1903x937,approve with $2.15 bonus,IPANAT SAMFE,1,words,English_Native,No_Psych,,l_pos,18+,,≥23,≥28,,≤32,ACCEPT,,,,,,,,,,,,,,,,,,,,Responder,,,,,,,,,,,,,,,Continue,,,,,,,,,Orders 1 and 3,order3,,Continue,order9,,,,,,,,,,,,,,,Continue,DECFBA,Images loaded ok,approve with $2.15 bonus,energetic,2 - fits somewhat
7,1570644068108,09/10/2019 18:01:08,1570644064811,-5,09/10/2019 13:01:04,9792,17,questionnaire-mie5,,3166435,A1XJ9VFOJ4LP2X,875899,,complete,tbgikw,,computer,Desktop or Laptop,Windows 10,Chrome 77.0.3865.90,1920x1080,1903x937,approve with $2.15 bonus,IPANAT SAMFE,1,words,English_Native,No_Psych,,l_pos,18+,,≥23,≥28,,≤32,ACCEPT,,,,,,,,,,,,,,,,,,,,Responder,,,,,,,,,,,,,,,Continue,,,,,,,,,Orders 1 and 3,order3,,Continue,order9,,,,,,,,,,,,,,,Continue,DECFBA,Images loaded ok,approve with $2.15 bonus,energetic-quantised,2
8,1570644068108,09/10/2019 18:01:08,1570644064812,-5,09/10/2019 13:01:04,9792,17,questionnaire-mie5,,3166435,A1XJ9VFOJ4LP2X,875899,,complete,tbgikw,,computer,Desktop or Laptop,Windows 10,Chrome 77.0.3865.90,1920x1080,1903x937,approve with $2.15 bonus,IPANAT SAMFE,1,words,English_Native,No_Psych,,l_pos,18+,,≥23,≥28,,≤32,ACCEPT,,,,,,,,,,,,,,,,,,,,Responder,,,,,,,,,,,,,,,Continue,,,,,,,,,Orders 1 and 3,order3,,Continue,order9,,,,,,,,,,,,,,,Continue,DECFBA,Images loaded ok,approve with $2.15 bonus,END QUESTIONNAIRE,16312
9,1570644068108,09/10/2019 18:01:08,1570644064812,-5,09/10/2019 13:01:04,9792,17,questionnaire-mie5,,3166435,A1XJ9VFOJ4LP2X,875899,,complete,tbgikw,,computer,Desktop or Laptop,Windows 10,Chrome 77.0.3865.90,1920x1080,1903x937,approve with $2.15 bonus,IPANAT SAMFE,1,words,English_Native,No_Psych,,l_pos,18+,,≥23,≥28,,≤32,ACCEPT,,,,,,,,,,,,,,,,,,,,Responder,,,,,,,,,,,,,,,Continue,,,,,,,,,Orders 1 and 3,order3,,Continue,order9,,,,,,,,,,,,,,,Continue,DECFBA,Images loaded ok,approve with $2.15 bonus,tense-quantised,2
10,1570644068108,09/10/2019 18:01:08,1570644064812,-5,09/10/2019 13:01:04,9792,17,questionnaire-mie5,,3166435,A1XJ9VFOJ4LP2X,875899,,complete,tbgikw,,computer,Desktop or Laptop,Windows 10,Chrome 77.0.3865.90,1920x1080,1903x937,approve with $2.15 bonus,IPANAT SAMFE,1,words,English_Native,No_Psych,,l_pos,18+,,≥23,≥28,,≤32,ACCEPT,,,,,,,,,,,,,,,,,,,,Responder,,,,,,,,,,,,,,,Continue,,,,,,,,,Orders 1 and 3,order3,,Continue,order9,,,,,,,,,,,,,,,Continue,DECFBA,Images loaded ok,approve with $2.15 bonus,cheerful,2 - fits somewhat
11,1570644068108,09/10/2019 18:01:08,1570644064812,-5,09/10/2019 13:01:04,9792,17,questionnaire-mie5,,3166435,A1XJ9VFOJ4LP2X,875899,,complete,tbgikw,,computer,Desktop or Laptop,Windows 10,Chrome 77.0.3865.90,1920x1080,1903x937,approve with $2.15 bonus,IPANAT SAMFE,1,words,English_Native,No_Psych,,l_pos,18+,,≥23,≥28,,≤32,ACCEPT,,,,,,,,,,,,,,,,,,,,Responder,,,,,,,,,,,,,,,Continue,,,,,,,,,Orders 1 and 3,order3,,Continue,order9,,,,,,,,,,,,,,,Continue,DECFBA,Images loaded ok,approve with $2.15 bonus,cheerful-quantised,2
12,1570644068108,09/10/2019 18:01:08,1570644064812,-5,09/10/2019 13:01:04,9792,17,questionnaire-mie5,,3166435,A1XJ9VFOJ4LP2X,875899,,complete,tbgikw,,computer,Desktop or Laptop,Windows 10,Chrome 77.0.3865.90,1920x1080,1903x937,approve with $2.15 bonus,IPANAT SAMFE,1,words,English_Native,No_Psych,,l_pos,18+,,≥23,≥28,,≤32,ACCEPT,,,,,,,,,,,,,,,,,,,,Responder,,,,,,,,,,,,,,,Continue,,,,,,,,,Orders 1 and 3,order3,,Continue,order9,,,,,,,,,,,,,,,Continue,DECFBA,Images loaded ok,approve with $2.15 bonus,inhibited,2 - fits somewhat
13,1570644068108,09/10/2019 18:01:08,1570644064812,-5,09/10/2019 13:01:04,9792,17,questionnaire-mie5,,3166435,A1XJ9VFOJ4LP2X,875899,,complete,tbgikw,,computer,Desktop or Laptop,Windows 10,Chrome 77.0.3865.90,1920x1080,1903x937,approve with $2.15 bonus,IPANAT SAMFE,1,words,English_Native,No_Psych,,l_pos,18+,,≥23,≥28,,≤32,ACCEPT,,,,,,,,,,,,,,,,,,,,Responder,,,,,,,,,,,,,,,Continue,,,,,,,,,Orders 1 and 3,order3,,Continue,order9,,,,,,,,,,,,,,,Continue,DECFBA,Images loaded ok,approve with $2.15 bonus,inhibited-quantised,2
14,1570644068108,09/10/2019 18:01:08,1570644064812,-5,09/10/2019 13:01:04,9792,17,questionnaire-mie5,,3166435,A1XJ9VFOJ4LP2X,875899,,complete,tbgikw,,computer,Desktop or Laptop,Windows 10,Chrome 77.0.3865.90,1920x1080,1903x937,approve with $2.15 bonus,IPANAT SAMFE,1,words,English_Native,No_Psych,,l_pos,18+,,≥23,≥28,,≤32,ACCEPT,,,,,,,,,,,,,,,,,,,,Responder,,,,,,,,,,,,,,,Continue,,,,,,,,,Orders 1 and 3,order3,,Continue,order9,,,,,,,,,,,,,,,Continue,DECFBA,Images loaded ok,approve with $2.15 bonus,tense,2 - fits somewhat
1,1570644164262,09/10/2019 18:02:44,1570644164886,-10,09/10/2019 08:02:44,9792,17,questionnaire-mie5,,3166455,A1I3QYJJU5ACFR,875907,,complete,ljgxxk,,computer,Desktop or Laptop,Windows 10,Chrome 77.0.3865.90,1366x768,1366x625,approve with $2.15 bonus,IPANAT SAMFE,1,words,English_Native,No_Psych,Responder,a_pos,18+,,≥23,≥28,,≥33,,ACCEPT,,,,,,,,,≤37,,,,,,,,,,,,,,Orders 5 and 6,,order6,,,,,,,,,Continue,,,,order8,,,Continue,,,,,,,,,,,,,,,,,,,,,Continue,FAEBDC,Images loaded ok,approve with $2.15 bonus,BEGIN QUESTIONNAIRE,
2,1570644171127,09/10/2019 18:02:51,1570644171824,-10,09/10/2019 08:02:51,9792,17,questionnaire-mie5,,3166455,A1I3QYJJU5ACFR,875907,,complete,ljgxxk,,computer,Desktop or Laptop,Windows 10,Chrome 77.0.3865.90,1366x768,1349x625,approve with $2.15 bonus,IPANAT SAMFE,1,words,English_Native,No_Psych,Responder,a_pos,18+,,≥23,≥28,,≥33,,ACCEPT,,,,,,,,,≤37,,,,,,,,,,,,,,Orders 5 and 6,,order6,,,,,,,,,Continue,,,,order8,,,Continue,,,,,,,,,,,,,,,,,,,,,Continue,FAEBDC,Images loaded ok,approve with $2.15 bonus,happy,3 - fits quite well
3,1570644171689,09/10/2019 18:02:51,1570644171826,-10,09/10/2019 08:02:51,9792,17,questionnaire-mie5,,3166455,A1I3QYJJU5ACFR,875907,,complete,ljgxxk,,computer,Desktop or Laptop,Windows 10,Chrome 77.0.3865.90,1366x768,1349x625,approve with $2.15 bonus,IPANAT SAMFE,1,words,English_Native,No_Psych,Responder,a_pos,18+,,≥23,≥28,,≥33,,ACCEPT,,,,,,,,,≤37,,,,,,,,,,,,,,Orders 5 and 6,,order6,,,,,,,,,Continue,,,,order8,,,Continue,,,,,,,,,,,,,,,,,,,,,Continue,FAEBDC,Images loaded ok,approve with $2.15 bonus,happy-quantised,3
4,1570644171689,09/10/2019 18:02:51,1570644171826,-10,09/10/2019 08:02:51,9792,17,questionnaire-mie5,,3166455,A1I3QYJJU5ACFR,875907,,complete,ljgxxk,,computer,Desktop or Laptop,Windows 10,Chrome 77.0.3865.90,1366x768,1349x625,approve with $2.15 bonus,IPANAT SAMFE,1,words,English_Native,No_Psych,Responder,a_pos,18+,,≥23,≥28,,≥33,,ACCEPT,,,,,,,,,≤37,,,,,,,,,,,,,,Orders 5 and 6,,order6,,,,,,,,,Continue,,,,order8,,,Continue,,,,,,,,,,,,,,,,,,,,,Continue,FAEBDC,Images loaded ok,approve with $2.15 bonus,helpless,1 - doesn't fit at all
5,1570644171689,09/10/2019 18:02:51,1570644171826,-10,09/10/2019 08:02:51,9792,17,questionnaire-mie5,,3166455,A1I3QYJJU5ACFR,875907,,complete,ljgxxk,,computer,Desktop or Laptop,Windows 10,Chrome 77.0.3865.90,1366x768,1349x625,approve with $2.15 bonus,IPANAT SAMFE,1,words,English_Native,No_Psych,Responder,a_pos,18+,,≥23,≥28,,≥33,,ACCEPT,,,,,,,,,≤37,,,,,,,,,,,,,,Orders 5 and 6,,order6,,,,,,,,,Continue,,,,order8,,,Continue,,,,,,,,,,,,,,,,,,,,,Continue,FAEBDC,Images loaded ok,approve with $2.15 bonus,helpless-quantised,1
6,1570644171689,09/10/2019 18:02:51,1570644171827,-10,09/10/2019 08:02:51,9792,17,questionnaire-mie5,,3166455,A1I3QYJJU5ACFR,875907,,complete,ljgxxk,,computer,Desktop or Laptop,Windows 10,Chrome 77.0.3865.90,1366x768,1349x625,approve with $2.15 bonus,IPANAT SAMFE,1,words,English_Native,No_Psych,Responder,a_pos,18+,,≥23,≥28,,≥33,,ACCEPT,,,,,,,,,≤37,,,,,,,,,,,,,,Orders 5 and 6,,order6,,,,,,,,,Continue,,,,order8,,,Continue,,,,,,,,,,,,,,,,,,,,,Continue,FAEBDC,Images loaded ok,approve with $2.15 bonus,energetic,3 - fits quite well
7,1570644171689,09/10/2019 18:02:51,1570644171827,-10,09/10/2019 08:02:51,9792,17,questionnaire-mie5,,3166455,A1I3QYJJU5ACFR,875907,,complete,ljgxxk,,computer,Desktop or Laptop,Windows 10,Chrome 77.0.3865.90,1366x768,1349x625,approve with $2.15 bonus,IPANAT SAMFE,1,words,English_Native,No_Psych,Responder,a_pos,18+,,≥23,≥28,,≥33,,ACCEPT,,,,,,,,,≤37,,,,,,,,,,,,,,Orders 5 and 6,,order6,,,,,,,,,Continue,,,,order8,,,Continue,,,,,,,,,,,,,,,,,,,,,Continue,FAEBDC,Images loaded ok,approve with $2.15 bonus,energetic-quantised,3
8,1570644171689,09/10/2019 18:02:51,1570644171827,-10,09/10/2019 08:02:51,9792,17,questionnaire-mie5,,3166455,A1I3QYJJU5ACFR,875907,,complete,ljgxxk,,computer,Desktop or Laptop,Windows 10,Chrome 77.0.3865.90,1366x768,1349x625,approve with $2.15 bonus,IPANAT SAMFE,1,words,English_Native,No_Psych,Responder,a_pos,18+,,≥23,≥28,,≥33,,ACCEPT,,,,,,,,,≤37,,,,,,,,,,,,,,Orders 5 and 6,,order6,,,,,,,,,Continue,,,,order8,,,Continue,,,,,,,,,,,,,,,,,,,,,Continue,FAEBDC,Images loaded ok,approve with $2.15 bonus,tense,1 - doesn't fit at all
9,1570644171689,09/10/2019 18:02:51,1570644171827,-10,09/10/2019 08:02:51,9792,17,questionnaire-mie5,,3166455,A1I3QYJJU5ACFR,875907,,complete,ljgxxk,,computer,Desktop or Laptop,Windows 10,Chrome 77.0.3865.90,1366x768,1349x625,approve with $2.15 bonus,IPANAT SAMFE,1,words,English_Native,No_Psych,Responder,a_pos,18+,,≥23,≥28,,≥33,,ACCEPT,,,,,,,,,≤37,,,,,,,,,,,,,,Orders 5 and 6,,order6,,,,,,,,,Continue,,,,order8,,,Continue,,,,,,,,,,,,,,,,,,,,,Continue,FAEBDC,Images loaded ok,approve with $2.15 bonus,tense-quantised,1
10,1570644171689,09/10/2019 18:02:51,1570644171828,-10,09/10/2019 08:02:51,9792,17,questionnaire-mie5,,3166455,A1I3QYJJU5ACFR,875907,,complete,ljgxxk,,computer,Desktop or Laptop,Windows 10,Chrome 77.0.3865.90,1366x768,1349x625,approve with $2.15 bonus,IPANAT SAMFE,1,words,English_Native,No_Psych,Responder,a_pos,18+,,≥23,≥28,,≥33,,ACCEPT,,,,,,,,,≤37,,,,,,,,,,,,,,Orders 5 and 6,,order6,,,,,,,,,Continue,,,,order8,,,Continue,,,,,,,,,,,,,,,,,,,,,Continue,FAEBDC,Images loaded ok,approve with $2.15 bonus,cheerful,3 - fits quite well
11,1570644171689,09/10/2019 18:02:51,1570644171828,-10,09/10/2019 08:02:51,9792,17,questionnaire-mie5,,3166455,A1I3QYJJU5ACFR,875907,,complete,ljgxxk,,computer,Desktop or Laptop,Windows 10,Chrome 77.0.3865.90,1366x768,1349x625,approve with $2.15 bonus,IPANAT SAMFE,1,words,English_Native,No_Psych,Responder,a_pos,18+,,≥23,≥28,,≥33,,ACCEPT,,,,,,,,,≤37,,,,,,,,,,,,,,Orders 5 and 6,,order6,,,,,,,,,Continue,,,,order8,,,Continue,,,,,,,,,,,,,,,,,,,,,Continue,FAEBDC,Images loaded ok,approve with $2.15 bonus,cheerful-quantised,3
12,1570644171689,09/10/2019 18:02:51,1570644171828,-10,09/10/2019 08:02:51,9792,17,questionnaire-mie5,,3166455,A1I3QYJJU5ACFR,875907,,complete,ljgxxk,,computer,Desktop or Laptop,Windows 10,Chrome 77.0.3865.90,1366x768,1349x625,approve with $2.15 bonus,IPANAT SAMFE,1,words,English_Native,No_Psych,Responder,a_pos,18+,,≥23,≥28,,≥33,,ACCEPT,,,,,,,,,≤37,,,,,,,,,,,,,,Orders 5 and 6,,order6,,,,,,,,,Continue,,,,order8,,,Continue,,,,,,,,,,,,,,,,,,,,,Continue,FAEBDC,Images loaded ok,approve with $2.15 bonus,inhibited,1 - doesn't fit at all
13,1570644171689,09/10/2019 18:02:51,1570644171828,-10,09/10/2019 08:02:51,9792,17,questionnaire-mie5,,3166455,A1I3QYJJU5ACFR,875907,,complete,ljgxxk,,computer,Desktop or Laptop,Windows 10,Chrome 77.0.3865.90,1366x768,1349x625,approve with $2.15 bonus,IPANAT SAMFE,1,words,English_Native,No_Psych,Responder,a_pos,18+,,≥23,≥28,,≥33,,ACCEPT,,,,,,,,,≤37,,,,,,,,,,,,,,Orders 5 and 6,,order6,,,,,,,,,Continue,,,,order8,,,Continue,,,,,,,,,,,,,,,,,,,,,Continue,FAEBDC,Images loaded ok,approve with $2.15 bonus,inhibited-quantised,1
14,1570644171689,09/10/2019 18:02:51,1570644171828,-10,09/10/2019 08:02:51,9792,17,questionnaire-mie5,,3166455,A1I3QYJJU5ACFR,875907,,complete,ljgxxk,,computer,Desktop or Laptop,Windows 10,Chrome 77.0.3865.90,1366x768,1349x625,approve with $2.15 bonus,IPANAT SAMFE,1,words,English_Native,No_Psych,Responder,a_pos,18+,,≥23,≥28,,≥33,,ACCEPT,,,,,,,,,≤37,,,,,,,,,,,,,,Orders 5 and 6,,order6,,,,,,,,,Continue,,,,order8,,,Continue,,,,,,,,,,,,,,,,,,,,,Continue,FAEBDC,Images loaded ok,approve with $2.15 bonus,END QUESTIONNAIRE,6942
1,1570644258676,09/10/2019 18:04:18,1570644258306,-4,09/10/2019 14:04:18,9792,17,questionnaire-mie5,,3166465,e21abycw,875903,,complete,yshlvj,,computer,Desktop or Laptop,Windows 10,Chrome 77.0.3865.90,1600x900,1600x789,approve with $2.15 bonus,IPANAT SAMFE,1,words,English_Native,No_Psych,,l_pos,18+,,≥23,≥28,,≥33,,,,,,,ACCEPT,,,,≥38,≥43,≥48,≥53,≥58,≤62,,,,,Responder,,,,,,,,,,,,,,,Continue,,,,,,,,,Orders 1 and 3,order1,,Continue,order7,,,,,,,,,,,,,,,Continue,EFDACB,Images loaded ok,approve with $2.15 bonus,BEGIN QUESTIONNAIRE,
2,1570644278529,09/10/2019 18:04:38,1570644278139,-4,09/10/2019 14:04:38,9792,17,questionnaire-mie5,,3166465,e21abycw,875903,,complete,yshlvj,,computer,Desktop or Laptop,Windows 10,Chrome 77.0.3865.90,1600x900,1583x789,approve with $2.15 bonus,IPANAT SAMFE,1,words,English_Native,No_Psych,,l_pos,18+,,≥23,≥28,,≥33,,,,,,,ACCEPT,,,,≥38,≥43,≥48,≥53,≥58,≤62,,,,,Responder,,,,,,,,,,,,,,,Continue,,,,,,,,,Orders 1 and 3,order1,,Continue,order7,,,,,,,,,,,,,,,Continue,EFDACB,Images loaded ok,approve with $2.15 bonus,happy,1 - doesn't fit at all
3,1570644278702,09/10/2019 18:04:38,1570644278142,-4,09/10/2019 14:04:38,9792,17,questionnaire-mie5,,3166465,e21abycw,875903,,complete,yshlvj,,computer,Desktop or Laptop,Windows 10,Chrome 77.0.3865.90,1600x900,1583x789,approve with $2.15 bonus,IPANAT SAMFE,1,words,English_Native,No_Psych,,l_pos,18+,,≥23,≥28,,≥33,,,,,,,ACCEPT,,,,≥38,≥43,≥48,≥53,≥58,≤62,,,,,Responder,,,,,,,,,,,,,,,Continue,,,,,,,,,Orders 1 and 3,order1,,Continue,order7,,,,,,,,,,,,,,,Continue,EFDACB,Images loaded ok,approve with $2.15 bonus,happy-quantised,1
4,1570644278702,09/10/2019 18:04:38,1570644278142,-4,09/10/2019 14:04:38,9792,17,questionnaire-mie5,,3166465,e21abycw,875903,,complete,yshlvj,,computer,Desktop or Laptop,Windows 10,Chrome 77.0.3865.90,1600x900,1583x789,approve with $2.15 bonus,IPANAT SAMFE,1,words,English_Native,No_Psych,,l_pos,18+,,≥23,≥28,,≥33,,,,,,,ACCEPT,,,,≥38,≥43,≥48,≥53,≥58,≤62,,,,,Responder,,,,,,,,,,,,,,,Continue,,,,,,,,,Orders 1 and 3,order1,,Continue,order7,,,,,,,,,,,,,,,Continue,EFDACB,Images loaded ok,approve with $2.15 bonus,helpless,2 - fits somewhat
5,1570644278702,09/10/2019 18:04:38,1570644278143,-4,09/10/2019 14:04:38,9792,17,questionnaire-mie5,,3166465,e21abycw,875903,,complete,yshlvj,,computer,Desktop or Laptop,Windows 10,Chrome 77.0.3865.90,1600x900,1583x789,approve with $2.15 bonus,IPANAT SAMFE,1,words,English_Native,No_Psych,,l_pos,18+,,≥23,≥28,,≥33,,,,,,,ACCEPT,,,,≥38,≥43,≥48,≥53,≥58,≤62,,,,,Responder,,,,,,,,,,,,,,,Continue,,,,,,,,,Orders 1 and 3,order1,,Continue,order7,,,,,,,,,,,,,,,Continue,EFDACB,Images loaded ok,approve with $2.15 bonus,helpless-quantised,2
6,1570644278702,09/10/2019 18:04:38,1570644278143,-4,09/10/2019 14:04:38,9792,17,questionnaire-mie5,,3166465,e21abycw,875903,,complete,yshlvj,,computer,Desktop or Laptop,Windows 10,Chrome 77.0.3865.90,1600x900,1583x789,approve with $2.15 bonus,IPANAT SAMFE,1,words,English_Native,No_Psych,,l_pos,18+,,≥23,≥28,,≥33,,,,,,,ACCEPT,,,,≥38,≥43,≥48,≥53,≥58,≤62,,,,,Responder,,,,,,,,,,,,,,,Continue,,,,,,,,,Orders 1 and 3,order1,,Continue,order7,,,,,,,,,,,,,,,Continue,EFDACB,Images loaded ok,approve with $2.15 bonus,energetic,1 - doesn't fit at all
7,1570644278702,09/10/2019 18:04:38,1570644278144,-4,09/10/2019 14:04:38,9792,17,questionnaire-mie5,,3166465,e21abycw,875903,,complete,yshlvj,,computer,Desktop or Laptop,Windows 10,Chrome 77.0.3865.90,1600x900,1583x789,approve with $2.15 bonus,IPANAT SAMFE,1,words,English_Native,No_Psych,,l_pos,18+,,≥23,≥28,,≥33,,,,,,,ACCEPT,,,,≥38,≥43,≥48,≥53,≥58,≤62,,,,,Responder,,,,,,,,,,,,,,,Continue,,,,,,,,,Orders 1 and 3,order1,,Continue,order7,,,,,,,,,,,,,,,Continue,EFDACB,Images loaded ok,approve with $2.15 bonus,energetic-quantised,1
8,1570644278702,09/10/2019 18:04:38,1570644278144,-4,09/10/2019 14:04:38,9792,17,questionnaire-mie5,,3166465,e21abycw,875903,,complete,yshlvj,,computer,Desktop or Laptop,Windows 10,Chrome 77.0.3865.90,1600x900,1583x789,approve with $2.15 bonus,IPANAT SAMFE,1,words,English_Native,No_Psych,,l_pos,18+,,≥23,≥28,,≥33,,,,,,,ACCEPT,,,,≥38,≥43,≥48,≥53,≥58,≤62,,,,,Responder,,,,,,,,,,,,,,,Continue,,,,,,,,,Orders 1 and 3,order1,,Continue,order7,,,,,,,,,,,,,,,Continue,EFDACB,Images loaded ok,approve with $2.15 bonus,tense,2 - fits somewhat
9,1570644278702,09/10/2019 18:04:38,1570644278145,-4,09/10/2019 14:04:38,9792,17,questionnaire-mie5,,3166465,e21abycw,875903,,complete,yshlvj,,computer,Desktop or Laptop,Windows 10,Chrome 77.0.3865.90,1600x900,1583x789,approve with $2.15 bonus,IPANAT SAMFE,1,words,English_Native,No_Psych,,l_pos,18+,,≥23,≥28,,≥33,,,,,,,ACCEPT,,,,≥38,≥43,≥48,≥53,≥58,≤62,,,,,Responder,,,,,,,,,,,,,,,Continue,,,,,,,,,Orders 1 and 3,order1,,Continue,order7,,,,,,,,,,,,,,,Continue,EFDACB,Images loaded ok,approve with $2.15 bonus,tense-quantised,2
10,1570644278702,09/10/2019 18:04:38,1570644278145,-4,09/10/2019 14:04:38,9792,17,questionnaire-mie5,,3166465,e21abycw,875903,,complete,yshlvj,,computer,Desktop or Laptop,Windows 10,Chrome 77.0.3865.90,1600x900,1583x789,approve with $2.15 bonus,IPANAT SAMFE,1,words,English_Native,No_Psych,,l_pos,18+,,≥23,≥28,,≥33,,,,,,,ACCEPT,,,,≥38,≥43,≥48,≥53,≥58,≤62,,,,,Responder,,,,,,,,,,,,,,,Continue,,,,,,,,,Orders 1 and 3,order1,,Continue,order7,,,,,,,,,,,,,,,Continue,EFDACB,Images loaded ok,approve with $2.15 bonus,cheerful,1 - doesn't fit at all
11,1570644278702,09/10/2019 18:04:38,1570644278145,-4,09/10/2019 14:04:38,9792,17,questionnaire-mie5,,3166465,e21abycw,875903,,complete,yshlvj,,computer,Desktop or Laptop,Windows 10,Chrome 77.0.3865.90,1600x900,1583x789,approve with $2.15 bonus,IPANAT SAMFE,1,words,English_Native,No_Psych,,l_pos,18+,,≥23,≥28,,≥33,,,,,,,ACCEPT,,,,≥38,≥43,≥48,≥53,≥58,≤62,,,,,Responder,,,,,,,,,,,,,,,Continue,,,,,,,,,Orders 1 and 3,order1,,Continue,order7,,,,,,,,,,,,,,,Continue,EFDACB,Images loaded ok,approve with $2.15 bonus,cheerful-quantised,1
12,1570644278702,09/10/2019 18:04:38,1570644278146,-4,09/10/2019 14:04:38,9792,17,questionnaire-mie5,,3166465,e21abycw,875903,,complete,yshlvj,,computer,Desktop or Laptop,Windows 10,Chrome 77.0.3865.90,1600x900,1583x789,approve with $2.15 bonus,IPANAT SAMFE,1,words,English_Native,No_Psych,,l_pos,18+,,≥23,≥28,,≥33,,,,,,,ACCEPT,,,,≥38,≥43,≥48,≥53,≥58,≤62,,,,,Responder,,,,,,,,,,,,,,,Continue,,,,,,,,,Orders 1 and 3,order1,,Continue,order7,,,,,,,,,,,,,,,Continue,EFDACB,Images loaded ok,approve with $2.15 bonus,inhibited,1 - doesn't fit at all
13,1570644278702,09/10/2019 18:04:38,1570644278146,-4,09/10/2019 14:04:38,9792,17,questionnaire-mie5,,3166465,e21abycw,875903,,complete,yshlvj,,computer,Desktop or Laptop,Windows 10,Chrome 77.0.3865.90,1600x900,1583x789,approve with $2.15 bonus,IPANAT SAMFE,1,words,English_Native,No_Psych,,l_pos,18+,,≥23,≥28,,≥33,,,,,,,ACCEPT,,,,≥38,≥43,≥48,≥53,≥58,≤62,,,,,Responder,,,,,,,,,,,,,,,Continue,,,,,,,,,Orders 1 and 3,order1,,Continue,order7,,,,,,,,,,,,,,,Continue,EFDACB,Images loaded ok,approve with $2.15 bonus,inhibited-quantised,1
14,1570644278702,09/10/2019 18:04:38,1570644278146,-4,09/10/2019 14:04:38,9792,17,questionnaire-mie5,,3166465,e21abycw,875903,,complete,yshlvj,,computer,Desktop or Laptop,Windows 10,Chrome 77.0.3865.90,1600x900,1583x789,approve with $2.15 bonus,IPANAT SAMFE,1,words,English_Native,No_Psych,,l_pos,18+,,≥23,≥28,,≥33,,,,,,,ACCEPT,,,,≥38,≥43,≥48,≥53,≥58,≤62,,,,,Responder,,,,,,,,,,,,,,,Continue,,,,,,,,,Orders 1 and 3,order1,,Continue,order7,,,,,,,,,,,,,,,Continue,EFDACB,Images loaded ok,approve with $2.15 bonus,END QUESTIONNAIRE,19841
1,1570644566208,09/10/2019 18:09:26,1570644574177,-4,09/10/2019 14:09:34,9792,17,questionnaire-mie5,,3166484,A3EN54EJAR9QP0,875920,,complete,jzfilm,,computer,Desktop or Laptop,Windows 7,Chrome 77.0.3865.90,1280x720,748x600,approve with $2.15 bonus,IPANAT SAMFE,1,words,English_Native,No_Psych,Responder,a_pos,18+,,≥23,≥28,,≥33,,,,,,,,ACCEPT,,,≥38,≥43,≥48,≥53,≥58,≥63,≤67,,,,,,,,Orders 11 and 12,,,,,order12,,,Continue,,,Continue,,,,,order1,,,,,,,,,,,,,,,,,,,,,,,Continue,ABFCED,Images loaded ok,approve with $2.15 bonus,BEGIN QUESTIONNAIRE,
2,1570644589260,09/10/2019 18:09:49,1570644597394,-4,09/10/2019 14:09:57,9792,17,questionnaire-mie5,,3166484,A3EN54EJAR9QP0,875920,,complete,jzfilm,,computer,Desktop or Laptop,Windows 7,Chrome 77.0.3865.90,1280x720,731x600,approve with $2.15 bonus,IPANAT SAMFE,1,words,English_Native,No_Psych,Responder,a_pos,18+,,≥23,≥28,,≥33,,,,,,,,ACCEPT,,,≥38,≥43,≥48,≥53,≥58,≥63,≤67,,,,,,,,Orders 11 and 12,,,,,order12,,,Continue,,,Continue,,,,,order1,,,,,,,,,,,,,,,,,,,,,,,Continue,ABFCED,Images loaded ok,approve with $2.15 bonus,happy,2 - fits somewhat
3,1570644589417,09/10/2019 18:09:49,1570644597398,-4,09/10/2019 14:09:57,9792,17,questionnaire-mie5,,3166484,A3EN54EJAR9QP0,875920,,complete,jzfilm,,computer,Desktop or Laptop,Windows 7,Chrome 77.0.3865.90,1280x720,731x600,approve with $2.15 bonus,IPANAT SAMFE,1,words,English_Native,No_Psych,Responder,a_pos,18+,,≥23,≥28,,≥33,,,,,,,,ACCEPT,,,≥38,≥43,≥48,≥53,≥58,≥63,≤67,,,,,,,,Orders 11 and 12,,,,,order12,,,Continue,,,Continue,,,,,order1,,,,,,,,,,,,,,,,,,,,,,,Continue,ABFCED,Images loaded ok,approve with $2.15 bonus,happy-quantised,2
4,1570644589417,09/10/2019 18:09:49,1570644597400,-4,09/10/2019 14:09:57,9792,17,questionnaire-mie5,,3166484,A3EN54EJAR9QP0,875920,,complete,jzfilm,,computer,Desktop or Laptop,Windows 7,Chrome 77.0.3865.90,1280x720,731x600,approve with $2.15 bonus,IPANAT SAMFE,1,words,English_Native,No_Psych,Responder,a_pos,18+,,≥23,≥28,,≥33,,,,,,,,ACCEPT,,,≥38,≥43,≥48,≥53,≥58,≥63,≤67,,,,,,,,Orders 11 and 12,,,,,order12,,,Continue,,,Continue,,,,,order1,,,,,,,,,,,,,,,,,,,,,,,Continue,ABFCED,Images loaded ok,approve with $2.15 bonus,helpless,2 - fits somewhat
5,1570644589417,09/10/2019 18:09:49,1570644597401,-4,09/10/2019 14:09:57,9792,17,questionnaire-mie5,,3166484,A3EN54EJAR9QP0,875920,,complete,jzfilm,,computer,Desktop or Laptop,Windows 7,Chrome 77.0.3865.90,1280x720,731x600,approve with $2.15 bonus,IPANAT SAMFE,1,words,English_Native,No_Psych,Responder,a_pos,18+,,≥23,≥28,,≥33,,,,,,,,ACCEPT,,,≥38,≥43,≥48,≥53,≥58,≥63,≤67,,,,,,,,Orders 11 and 12,,,,,order12,,,Continue,,,Continue,,,,,order1,,,,,,,,,,,,,,,,,,,,,,,Continue,ABFCED,Images loaded ok,approve with $2.15 bonus,helpless-quantised,2
6,1570644589417,09/10/2019 18:09:49,1570644597402,-4,09/10/2019 14:09:57,9792,17,questionnaire-mie5,,3166484,A3EN54EJAR9QP0,875920,,complete,jzfilm,,computer,Desktop or Laptop,Windows 7,Chrome 77.0.3865.90,1280x720,731x600,approve with $2.15 bonus,IPANAT SAMFE,1,words,English_Native,No_Psych,Responder,a_pos,18+,,≥23,≥28,,≥33,,,,,,,,ACCEPT,,,≥38,≥43,≥48,≥53,≥58,≥63,≤67,,,,,,,,Orders 11 and 12,,,,,order12,,,Continue,,,Continue,,,,,order1,,,,,,,,,,,,,,,,,,,,,,,Continue,ABFCED,Images loaded ok,approve with $2.15 bonus,energetic,2 - fits somewhat
7,1570644589417,09/10/2019 18:09:49,1570644597403,-4,09/10/2019 14:09:57,9792,17,questionnaire-mie5,,3166484,A3EN54EJAR9QP0,875920,,complete,jzfilm,,computer,Desktop or Laptop,Windows 7,Chrome 77.0.3865.90,1280x720,731x600,approve with $2.15 bonus,IPANAT SAMFE,1,words,English_Native,No_Psych,Responder,a_pos,18+,,≥23,≥28,,≥33,,,,,,,,ACCEPT,,,≥38,≥43,≥48,≥53,≥58,≥63,≤67,,,,,,,,Orders 11 and 12,,,,,order12,,,Continue,,,Continue,,,,,order1,,,,,,,,,,,,,,,,,,,,,,,Continue,ABFCED,Images loaded ok,approve with $2.15 bonus,energetic-quantised,2
8,1570644589417,09/10/2019 18:09:49,1570644597403,-4,09/10/2019 14:09:57,9792,17,questionnaire-mie5,,3166484,A3EN54EJAR9QP0,875920,,complete,jzfilm,,computer,Desktop or Laptop,Windows 7,Chrome 77.0.3865.90,1280x720,731x600,approve with $2.15 bonus,IPANAT SAMFE,1,words,English_Native,No_Psych,Responder,a_pos,18+,,≥23,≥28,,≥33,,,,,,,,ACCEPT,,,≥38,≥43,≥48,≥53,≥58,≥63,≤67,,,,,,,,Orders 11 and 12,,,,,order12,,,Continue,,,Continue,,,,,order1,,,,,,,,,,,,,,,,,,,,,,,Continue,ABFCED,Images loaded ok,approve with $2.15 bonus,tense,1 - doesn't fit at all
9,1570644589417,09/10/2019 18:09:49,1570644597403,-4,09/10/2019 14:09:57,9792,17,questionnaire-mie5,,3166484,A3EN54EJAR9QP0,875920,,complete,jzfilm,,computer,Desktop or Laptop,Windows 7,Chrome 77.0.3865.90,1280x720,731x600,approve with $2.15 bonus,IPANAT SAMFE,1,words,English_Native,No_Psych,Responder,a_pos,18+,,≥23,≥28,,≥33,,,,,,,,ACCEPT,,,≥38,≥43,≥48,≥53,≥58,≥63,≤67,,,,,,,,Orders 11 and 12,,,,,order12,,,Continue,,,Continue,,,,,order1,,,,,,,,,,,,,,,,,,,,,,,Continue,ABFCED,Images loaded ok,approve with $2.15 bonus,tense-quantised,1
10,1570644589417,09/10/2019 18:09:49,1570644597404,-4,09/10/2019 14:09:57,9792,17,questionnaire-mie5,,3166484,A3EN54EJAR9QP0,875920,,complete,jzfilm,,computer,Desktop or Laptop,Windows 7,Chrome 77.0.3865.90,1280x720,731x600,approve with $2.15 bonus,IPANAT SAMFE,1,words,English_Native,No_Psych,Responder,a_pos,18+,,≥23,≥28,,≥33,,,,,,,,ACCEPT,,,≥38,≥43,≥48,≥53,≥58,≥63,≤67,,,,,,,,Orders 11 and 12,,,,,order12,,,Continue,,,Continue,,,,,order1,,,,,,,,,,,,,,,,,,,,,,,Continue,ABFCED,Images loaded ok,approve with $2.15 bonus,cheerful,2 - fits somewhat
11,1570644589417,09/10/2019 18:09:49,1570644597404,-4,09/10/2019 14:09:57,9792,17,questionnaire-mie5,,3166484,A3EN54EJAR9QP0,875920,,complete,jzfilm,,computer,Desktop or Laptop,Windows 7,Chrome 77.0.3865.90,1280x720,731x600,approve with $2.15 bonus,IPANAT SAMFE,1,words,English_Native,No_Psych,Responder,a_pos,18+,,≥23,≥28,,≥33,,,,,,,,ACCEPT,,,≥38,≥43,≥48,≥53,≥58,≥63,≤67,,,,,,,,Orders 11 and 12,,,,,order12,,,Continue,,,Continue,,,,,order1,,,,,,,,,,,,,,,,,,,,,,,Continue,ABFCED,Images loaded ok,approve with $2.15 bonus,cheerful-quantised,2
12,1570644589417,09/10/2019 18:09:49,1570644597404,-4,09/10/2019 14:09:57,9792,17,questionnaire-mie5,,3166484,A3EN54EJAR9QP0,875920,,complete,jzfilm,,computer,Desktop or Laptop,Windows 7,Chrome 77.0.3865.90,1280x720,731x600,approve with $2.15 bonus,IPANAT SAMFE,1,words,English_Native,No_Psych,Responder,a_pos,18+,,≥23,≥28,,≥33,,,,,,,,ACCEPT,,,≥38,≥43,≥48,≥53,≥58,≥63,≤67,,,,,,,,Orders 11 and 12,,,,,order12,,,Continue,,,Continue,,,,,order1,,,,,,,,,,,,,,,,,,,,,,,Continue,ABFCED,Images loaded ok,approve with $2.15 bonus,inhibited,3 - fits quite well
13,1570644589417,09/10/2019 18:09:49,1570644597405,-4,09/10/2019 14:09:57,9792,17,questionnaire-mie5,,3166484,A3EN54EJAR9QP0,875920,,complete,jzfilm,,computer,Desktop or Laptop,Windows 7,Chrome 77.0.3865.90,1280x720,731x600,approve with $2.15 bonus,IPANAT SAMFE,1,words,English_Native,No_Psych,Responder,a_pos,18+,,≥23,≥28,,≥33,,,,,,,,ACCEPT,,,≥38,≥43,≥48,≥53,≥58,≥63,≤67,,,,,,,,Orders 11 and 12,,,,,order12,,,Continue,,,Continue,,,,,order1,,,,,,,,,,,,,,,,,,,,,,,Continue,ABFCED,Images loaded ok,approve with $2.15 bonus,inhibited-quantised,3
14,1570644589417,09/10/2019 18:09:49,1570644597406,-4,09/10/2019 14:09:57,9792,17,questionnaire-mie5,,3166484,A3EN54EJAR9QP0,875920,,complete,jzfilm,,computer,Desktop or Laptop,Windows 7,Chrome 77.0.3865.90,1280x720,731x600,approve with $2.15 bonus,IPANAT SAMFE,1,words,English_Native,No_Psych,Responder,a_pos,18+,,≥23,≥28,,≥33,,,,,,,,ACCEPT,,,≥38,≥43,≥48,≥53,≥58,≥63,≤67,,,,,,,,Orders 11 and 12,,,,,order12,,,Continue,,,Continue,,,,,order1,,,,,,,,,,,,,,,,,,,,,,,Continue,ABFCED,Images loaded ok,approve with $2.15 bonus,END QUESTIONNAIRE,23228
1,1570644844495,09/10/2019 18:14:04,1570644843964,-4,09/10/2019 14:14:03,9792,17,questionnaire-mie5,,3166503,A1P458P1C6JOXP,875925,,complete,rbtrjm,,computer,Desktop or Laptop,Windows 10,Chrome 77.0.3865.90,1366x768,1366x625,approve with $2.15 bonus,IPANAT SAMFE,1,words,English_Native,No_Psych,,l_pos,18+,,≥23,≥28,,≥33,,,,ACCEPT,,,,,,,≥38,≥43,≤47,,,,,,,,Responder,,,,,,,,,,,,,,,Continue,,,,,,,,,Orders 7 and 9,,,,,,,,,,order7,,,order6,,,Continue,,,Continue,BCADFE,Images loaded ok,approve with $2.15 bonus,BEGIN QUESTIONNAIRE,
2,1570644866957,09/10/2019 18:14:26,1570644866594,-4,09/10/2019 14:14:26,9792,17,questionnaire-mie5,,3166503,A1P458P1C6JOXP,875925,,complete,rbtrjm,,computer,Desktop or Laptop,Windows 10,Chrome 77.0.3865.90,1366x768,1349x625,approve with $2.15 bonus,IPANAT SAMFE,1,words,English_Native,No_Psych,,l_pos,18+,,≥23,≥28,,≥33,,,,ACCEPT,,,,,,,≥38,≥43,≤47,,,,,,,,Responder,,,,,,,,,,,,,,,Continue,,,,,,,,,Orders 7 and 9,,,,,,,,,,order7,,,order6,,,Continue,,,Continue,BCADFE,Images loaded ok,approve with $2.15 bonus,happy,2 - fits somewhat
3,1570644867222,09/10/2019 18:14:27,1570644866596,-4,09/10/2019 14:14:26,9792,17,questionnaire-mie5,,3166503,A1P458P1C6JOXP,875925,,complete,rbtrjm,,computer,Desktop or Laptop,Windows 10,Chrome 77.0.3865.90,1366x768,1349x625,approve with $2.15 bonus,IPANAT SAMFE,1,words,English_Native,No_Psych,,l_pos,18+,,≥23,≥28,,≥33,,,,ACCEPT,,,,,,,≥38,≥43,≤47,,,,,,,,Responder,,,,,,,,,,,,,,,Continue,,,,,,,,,Orders 7 and 9,,,,,,,,,,order7,,,order6,,,Continue,,,Continue,BCADFE,Images loaded ok,approve with $2.15 bonus,happy-quantised,2
4,1570644867222,09/10/2019 18:14:27,1570644866596,-4,09/10/2019 14:14:26,9792,17,questionnaire-mie5,,3166503,A1P458P1C6JOXP,875925,,complete,rbtrjm,,computer,Desktop or Laptop,Windows 10,Chrome 77.0.3865.90,1366x768,1349x625,approve with $2.15 bonus,IPANAT SAMFE,1,words,English_Native,No_Psych,,l_pos,18+,,≥23,≥28,,≥33,,,,ACCEPT,,,,,,,≥38,≥43,≤47,,,,,,,,Responder,,,,,,,,,,,,,,,Continue,,,,,,,,,Orders 7 and 9,,,,,,,,,,order7,,,order6,,,Continue,,,Continue,BCADFE,Images loaded ok,approve with $2.15 bonus,helpless,1 - doesn't fit at all
5,1570644867222,09/10/2019 18:14:27,1570644866597,-4,09/10/2019 14:14:26,9792,17,questionnaire-mie5,,3166503,A1P458P1C6JOXP,875925,,complete,rbtrjm,,computer,Desktop or Laptop,Windows 10,Chrome 77.0.3865.90,1366x768,1349x625,approve with $2.15 bonus,IPANAT SAMFE,1,words,English_Native,No_Psych,,l_pos,18+,,≥23,≥28,,≥33,,,,ACCEPT,,,,,,,≥38,≥43,≤47,,,,,,,,Responder,,,,,,,,,,,,,,,Continue,,,,,,,,,Orders 7 and 9,,,,,,,,,,order7,,,order6,,,Continue,,,Continue,BCADFE,Images loaded ok,approve with $2.15 bonus,helpless-quantised,1
6,1570644867222,09/10/2019 18:14:27,1570644866597,-4,09/10/2019 14:14:26,9792,17,questionnaire-mie5,,3166503,A1P458P1C6JOXP,875925,,complete,rbtrjm,,computer,Desktop or Laptop,Windows 10,Chrome 77.0.3865.90,1366x768,1349x625,approve with $2.15 bonus,IPANAT SAMFE,1,words,English_Native,No_Psych,,l_pos,18+,,≥23,≥28,,≥33,,,,ACCEPT,,,,,,,≥38,≥43,≤47,,,,,,,,Responder,,,,,,,,,,,,,,,Continue,,,,,,,,,Orders 7 and 9,,,,,,,,,,order7,,,order6,,,Continue,,,Continue,BCADFE,Images loaded ok,approve with $2.15 bonus,energetic,2 - fits somewhat
7,1570644867222,09/10/2019 18:14:27,1570644866597,-4,09/10/2019 14:14:26,9792,17,questionnaire-mie5,,3166503,A1P458P1C6JOXP,875925,,complete,rbtrjm,,computer,Desktop or Laptop,Windows 10,Chrome 77.0.3865.90,1366x768,1349x625,approve with $2.15 bonus,IPANAT SAMFE,1,words,English_Native,No_Psych,,l_pos,18+,,≥23,≥28,,≥33,,,,ACCEPT,,,,,,,≥38,≥43,≤47,,,,,,,,Responder,,,,,,,,,,,,,,,Continue,,,,,,,,,Orders 7 and 9,,,,,,,,,,order7,,,order6,,,Continue,,,Continue,BCADFE,Images loaded ok,approve with $2.15 bonus,energetic-quantised,2
8,1570644867222,09/10/2019 18:14:27,1570644866598,-4,09/10/2019 14:14:26,9792,17,questionnaire-mie5,,3166503,A1P458P1C6JOXP,875925,,complete,rbtrjm,,computer,Desktop or Laptop,Windows 10,Chrome 77.0.3865.90,1366x768,1349x625,approve with $2.15 bonus,IPANAT SAMFE,1,words,English_Native,No_Psych,,l_pos,18+,,≥23,≥28,,≥33,,,,ACCEPT,,,,,,,≥38,≥43,≤47,,,,,,,,Responder,,,,,,,,,,,,,,,Continue,,,,,,,,,Orders 7 and 9,,,,,,,,,,order7,,,order6,,,Continue,,,Continue,BCADFE,Images loaded ok,approve with $2.15 bonus,tense,1 - doesn't fit at all
9,1570644867222,09/10/2019 18:14:27,1570644866598,-4,09/10/2019 14:14:26,9792,17,questionnaire-mie5,,3166503,A1P458P1C6JOXP,875925,,complete,rbtrjm,,computer,Desktop or Laptop,Windows 10,Chrome 77.0.3865.90,1366x768,1349x625,approve with $2.15 bonus,IPANAT SAMFE,1,words,English_Native,No_Psych,,l_pos,18+,,≥23,≥28,,≥33,,,,ACCEPT,,,,,,,≥38,≥43,≤47,,,,,,,,Responder,,,,,,,,,,,,,,,Continue,,,,,,,,,Orders 7 and 9,,,,,,,,,,order7,,,order6,,,Continue,,,Continue,BCADFE,Images loaded ok,approve with $2.15 bonus,tense-quantised,1
10,1570644867222,09/10/2019 18:14:27,1570644866598,-4,09/10/2019 14:14:26,9792,17,questionnaire-mie5,,3166503,A1P458P1C6JOXP,875925,,complete,rbtrjm,,computer,Desktop or Laptop,Windows 10,Chrome 77.0.3865.90,1366x768,1349x625,approve with $2.15 bonus,IPANAT SAMFE,1,words,English_Native,No_Psych,,l_pos,18+,,≥23,≥28,,≥33,,,,ACCEPT,,,,,,,≥38,≥43,≤47,,,,,,,,Responder,,,,,,,,,,,,,,,Continue,,,,,,,,,Orders 7 and 9,,,,,,,,,,order7,,,order6,,,Continue,,,Continue,BCADFE,Images loaded ok,approve with $2.15 bonus,cheerful,2 - fits somewhat
11,1570644867222,09/10/2019 18:14:27,1570644866599,-4,09/10/2019 14:14:26,9792,17,questionnaire-mie5,,3166503,A1P458P1C6JOXP,875925,,complete,rbtrjm,,computer,Desktop or Laptop,Windows 10,Chrome 77.0.3865.90,1366x768,1349x625,approve with $2.15 bonus,IPANAT SAMFE,1,words,English_Native,No_Psych,,l_pos,18+,,≥23,≥28,,≥33,,,,ACCEPT,,,,,,,≥38,≥43,≤47,,,,,,,,Responder,,,,,,,,,,,,,,,Continue,,,,,,,,,Orders 7 and 9,,,,,,,,,,order7,,,order6,,,Continue,,,Continue,BCADFE,Images loaded ok,approve with $2.15 bonus,cheerful-quantised,2
12,1570644867222,09/10/2019 18:14:27,1570644866599,-4,09/10/2019 14:14:26,9792,17,questionnaire-mie5,,3166503,A1P458P1C6JOXP,875925,,complete,rbtrjm,,computer,Desktop or Laptop,Windows 10,Chrome 77.0.3865.90,1366x768,1349x625,approve with $2.15 bonus,IPANAT SAMFE,1,words,English_Native,No_Psych,,l_pos,18+,,≥23,≥28,,≥33,,,,ACCEPT,,,,,,,≥38,≥43,≤47,,,,,,,,Responder,,,,,,,,,,,,,,,Continue,,,,,,,,,Orders 7 and 9,,,,,,,,,,order7,,,order6,,,Continue,,,Continue,BCADFE,Images loaded ok,approve with $2.15 bonus,inhibited,1 - doesn't fit at all
13,1570644867222,09/10/2019 18:14:27,1570644866600,-4,09/10/2019 14:14:26,9792,17,questionnaire-mie5,,3166503,A1P458P1C6JOXP,875925,,complete,rbtrjm,,computer,Desktop or Laptop,Windows 10,Chrome 77.0.3865.90,1366x768,1349x625,approve with $2.15 bonus,IPANAT SAMFE,1,words,English_Native,No_Psych,,l_pos,18+,,≥23,≥28,,≥33,,,,ACCEPT,,,,,,,≥38,≥43,≤47,,,,,,,,Responder,,,,,,,,,,,,,,,Continue,,,,,,,,,Orders 7 and 9,,,,,,,,,,order7,,,order6,,,Continue,,,Continue,BCADFE,Images loaded ok,approve with $2.15 bonus,inhibited-quantised,1
14,1570644867222,09/10/2019 18:14:27,1570644866600,-4,09/10/2019 14:14:26,9792,17,questionnaire-mie5,,3166503,A1P458P1C6JOXP,875925,,complete,rbtrjm,,computer,Desktop or Laptop,Windows 10,Chrome 77.0.3865.90,1366x768,1349x625,approve with $2.15 bonus,IPANAT SAMFE,1,words,English_Native,No_Psych,,l_pos,18+,,≥23,≥28,,≥33,,,,ACCEPT,,,,,,,≥38,≥43,≤47,,,,,,,,Responder,,,,,,,,,,,,,,,Continue,,,,,,,,,Orders 7 and 9,,,,,,,,,,order7,,,order6,,,Continue,,,Continue,BCADFE,Images loaded ok,approve with $2.15 bonus,END QUESTIONNAIRE,22636
END OF FILE
