Event Index,UTC Timestamp,UTC Date,Local Timestamp,Local Timezone,Local Date,Experiment ID,Experiment Version,Tree Node Key,Repeat Key,Schedule ID,Participant Public ID,Participant Private ID,Participant Starting Group,Participant Status,Participant Completion Code,Participant External Session ID,Participant Device Type,Participant Device,Participant OS,Participant Browser,Participant Monitor Size,Participant Viewport Size,Checkpoint,Task Name,Task Version,randomiser-nc6u,checkpoint-itsc,branch-le1y,branch-369y,branch-xcm8,randomiser-jf65,branch-asih,Question Key,Response
1,1563477521134,18/07/2019 19:18:41,1563477518846,-7,18/07/2019 12:18:38,8700,20,questionnaire-kw49,,2832664,A1TP2H8ES94JDK,784837,,complete,asfoxb,,computer,Desktop or Laptop,Windows 10,Chrome 75.0.3770.142,1920x1080,1920x947,words,Consent_Q,1,a_pos,words,English_Native,No_Psych,Accurate,a_pos,18 and over,BEGIN QUESTIONNAIRE,
2,1563477523261,18/07/2019 19:18:43,1563477521016,-7,18/07/2019 12:18:41,8700,20,questionnaire-kw49,,2832664,A1TP2H8ES94JDK,784837,,complete,asfoxb,,computer,Desktop or Laptop,Windows 10,Chrome 75.0.3770.142,1920x1080,1903x947,words,Consent_Q,1,a_pos,words,English_Native,No_Psych,Accurate,a_pos,18 and over,END QUESTIONNAIRE,2170
1,1563477630854,18/07/2019 19:20:30,1563477630737,-4,18/07/2019 15:20:30,8700,20,questionnaire-kw49,,2832669,AIHHRINW9IN1I,784838,,complete,fthbsn,,computer,Desktop or Laptop,Mac OS 10.14.5,Chrome 75.0.3770.142,1440x900,1440x798,words,Consent_Q,1,a_pos,words,English_Native,No_Psych,Accurate,a_pos,18 and over,BEGIN QUESTIONNAIRE,
2,1563477648576,18/07/2019 19:20:48,1563477648470,-4,18/07/2019 15:20:48,8700,20,questionnaire-kw49,,2832669,AIHHRINW9IN1I,784838,,complete,fthbsn,,computer,Desktop or Laptop,Mac OS 10.14.5,Chrome 75.0.3770.142,1440x900,1425x798,words,Consent_Q,1,a_pos,words,English_Native,No_Psych,Accurate,a_pos,18 and over,END QUESTIONNAIRE,17733
1,1563477735265,18/07/2019 19:22:15,1563477733443,-4,18/07/2019 15:22:13,8700,20,questionnaire-kw49,,2832674,A1P458P1C6JOXP,784840,,complete,rordlp,,computer,Desktop or Laptop,Windows 10,Chrome 75.0.3770.100,1366x768,1366x576,words,Consent_Q,1,a_pos,words,English_Native,No_Psych,Accurate,a_pos,18 and over,BEGIN QUESTIONNAIRE,
2,1563477757842,18/07/2019 19:22:37,1563477756125,-4,18/07/2019 15:22:36,8700,20,questionnaire-kw49,,2832674,A1P458P1C6JOXP,784840,,complete,rordlp,,computer,Desktop or Laptop,Windows 10,Chrome 75.0.3770.100,1366x768,1349x576,words,Consent_Q,1,a_pos,words,English_Native,No_Psych,Accurate,a_pos,18 and over,END QUESTIONNAIRE,22683
1,1563477758983,18/07/2019 19:22:38,1563477750252,-4,18/07/2019 15:22:30,8700,20,questionnaire-kw49,,2832676,AT37XBKO802OL,784841,,complete,yjblfz,,computer,Desktop or Laptop,Windows 7,Chrome 75.0.3770.142,1366x768,1366x625,words,Consent_Q,1,a_pos,words,English_Native,No_Psych,Accurate,a_pos,18 and over,BEGIN QUESTIONNAIRE,
2,1563477771654,18/07/2019 19:22:51,1563477763020,-4,18/07/2019 15:22:43,8700,20,questionnaire-kw49,,2832676,AT37XBKO802OL,784841,,complete,yjblfz,,computer,Desktop or Laptop,Windows 7,Chrome 75.0.3770.142,1366x768,1349x625,words,Consent_Q,1,a_pos,words,English_Native,No_Psych,Accurate,a_pos,18 and over,END QUESTIONNAIRE,12768
1,1563478000829,18/07/2019 19:26:40,1563477977066,-7,18/07/2019 12:26:17,8700,20,questionnaire-kw49,,2832687,A3BY2QC25OCJBB,784842,,complete,xdatrg,,computer,Desktop or Laptop,Windows 10,Chrome 75.0.3770.142,1360x768,1360x615,words,Consent_Q,1,a_pos,words,English_Native,No_Psych,Accurate,l_pos,18 and over,BEGIN QUESTIONNAIRE,
2,1563478228931,18/07/2019 19:30:28,1563478204750,-7,18/07/2019 12:30:04,8700,20,questionnaire-kw49,,2832687,A3BY2QC25OCJBB,784842,,complete,xdatrg,,computer,Desktop or Laptop,Windows 10,Chrome 75.0.3770.142,1360x768,1343x615,words,Consent_Q,1,a_pos,words,English_Native,No_Psych,Accurate,l_pos,18 and over,END QUESTIONNAIRE,227685
1,1563478064307,18/07/2019 19:27:44,1563478064487,-5,18/07/2019 14:27:44,8700,20,questionnaire-kw49,,2832689,A1POAW2RQBTBXB,784843,,complete,qwbehx,,computer,Desktop or Laptop,Windows 10,Chrome 75.0.3770.142,1600x900,1600x789,words,Consent_Q,1,l_pos,words,English_Native,No_Psych,Accurate,a_pos,18 and over,BEGIN QUESTIONNAIRE,
2,1563478068237,18/07/2019 19:27:48,1563478068459,-5,18/07/2019 14:27:48,8700,20,questionnaire-kw49,,2832689,A1POAW2RQBTBXB,784843,,complete,qwbehx,,computer,Desktop or Laptop,Windows 10,Chrome 75.0.3770.142,1600x900,1583x789,words,Consent_Q,1,l_pos,words,English_Native,No_Psych,Accurate,a_pos,18 and over,END QUESTIONNAIRE,3972
1,1563478633962,18/07/2019 19:37:13,1563478635557,-4,18/07/2019 15:37:15,8700,20,questionnaire-kw49,,2832707,3ebe8757,784848,,complete,eblhtj,,computer,Desktop or Laptop,Windows 10,Chrome 75.0.3770.142,1600x900,940x772,words,Consent_Q,1,a_pos,words,English_Native,No_Psych,Accurate,l_pos,18 and over,BEGIN QUESTIONNAIRE,
2,1563478647902,18/07/2019 19:37:27,1563478649633,-4,18/07/2019 15:37:29,8700,20,questionnaire-kw49,,2832707,3ebe8757,784848,,complete,eblhtj,,computer,Desktop or Laptop,Windows 10,Chrome 75.0.3770.142,1600x900,923x772,words,Consent_Q,1,a_pos,words,English_Native,No_Psych,Accurate,l_pos,18 and over,END QUESTIONNAIRE,14076
1,1563479378970,18/07/2019 19:49:38,1563479378243,-4,18/07/2019 15:49:38,8700,20,questionnaire-kw49,,2832723,A3K1P4SPR8XS7R,784849,,complete,hirqtc,,computer,Desktop or Laptop,Mac OS 10.14.1,Chrome 75.0.3770.100,1440x900,1440x821,words,Consent_Q,1,a_pos,words,English_Native,No_Psych,Accurate,a_pos,18 and over,BEGIN QUESTIONNAIRE,
2,1563479405320,18/07/2019 19:50:05,1563479404650,-4,18/07/2019 15:50:04,8700,20,questionnaire-kw49,,2832723,A3K1P4SPR8XS7R,784849,,complete,hirqtc,,computer,Desktop or Laptop,Mac OS 10.14.1,Chrome 75.0.3770.100,1440x900,1440x821,words,Consent_Q,1,a_pos,words,English_Native,No_Psych,Accurate,a_pos,18 and over,END QUESTIONNAIRE,26407
1,1563482791895,18/07/2019 20:46:31,1563482791318,-4,18/07/2019 16:46:31,8700,20,questionnaire-kw49,,2832766,AB66CTVQ90RCV,784861,,complete,arzctw,,computer,Desktop or Laptop,Windows 10,Chrome 75.0.3770.142,1366x768,1366x657,words,Consent_Q,1,a_pos,words,English_Native,No_Psych,Accurate,l_pos,18 and over,BEGIN QUESTIONNAIRE,
2,1563482794261,18/07/2019 20:46:34,1563482793762,-4,18/07/2019 16:46:33,8700,20,questionnaire-kw49,,2832766,AB66CTVQ90RCV,784861,,complete,arzctw,,computer,Desktop or Laptop,Windows 10,Chrome 75.0.3770.142,1366x768,1349x657,words,Consent_Q,1,a_pos,words,English_Native,No_Psych,Accurate,l_pos,18 and over,END QUESTIONNAIRE,2444
1,1563483581543,18/07/2019 20:59:41,1563483601719,-4,18/07/2019 17:00:01,8700,20,questionnaire-kw49,,2832776,A2GR3333S2F53G,784863,,complete,pybydq,,computer,Desktop or Laptop,Windows 7,Chrome 75.0.3770.142,1920x1080,1236x926,words,Consent_Q,1,a_pos,words,English_Native,No_Psych,Accurate,l_pos,18 and over,BEGIN QUESTIONNAIRE,
2,1563483607995,18/07/2019 21:00:07,1563483628261,-4,18/07/2019 17:00:28,8700,20,questionnaire-kw49,,2832776,A2GR3333S2F53G,784863,,complete,pybydq,,computer,Desktop or Laptop,Windows 7,Chrome 75.0.3770.142,1920x1080,1219x926,words,Consent_Q,1,a_pos,words,English_Native,No_Psych,Accurate,l_pos,18 and over,END QUESTIONNAIRE,26542
1,1563483687438,18/07/2019 21:01:27,1563483680764,-7,18/07/2019 14:01:20,8700,20,questionnaire-kw49,,2832778,vnsyomb2,784864,,complete,zcqzys,,computer,Desktop or Laptop,Windows 7,Chrome 75.0.3770.142,1536x960,1396x745,words,Consent_Q,1,a_pos,words,English_Native,No_Psych,Accurate,l_pos,18 and over,BEGIN QUESTIONNAIRE,
2,1563483689492,18/07/2019 21:01:29,1563483682864,-7,18/07/2019 14:01:22,8700,20,questionnaire-kw49,,2832778,vnsyomb2,784864,,complete,zcqzys,,computer,Desktop or Laptop,Windows 7,Chrome 75.0.3770.142,1536x960,1381x745,words,Consent_Q,1,a_pos,words,English_Native,No_Psych,Accurate,l_pos,18 and over,END QUESTIONNAIRE,2099
1,1563484990046,18/07/2019 21:23:10,1563484989745,-4,18/07/2019 17:23:09,8700,20,questionnaire-kw49,,2832801,A1F1BIPJR11LSR,784867,,complete,zsvnyp,,computer,Desktop or Laptop,Windows 10,Firefox 66.0,1467x825,1467x721,words,Consent_Q,1,l_pos,words,English_Native,No_Psych,Accurate,a_pos,18 and over,BEGIN QUESTIONNAIRE,
2,1563484992376,18/07/2019 21:23:12,1563484992162,-4,18/07/2019 17:23:12,8700,20,questionnaire-kw49,,2832801,A1F1BIPJR11LSR,784867,,complete,zsvnyp,,computer,Desktop or Laptop,Windows 10,Firefox 66.0,1467x825,1451x721,words,Consent_Q,1,l_pos,words,English_Native,No_Psych,Accurate,a_pos,18 and over,END QUESTIONNAIRE,2417
1,1563539967801,19/07/2019 12:39:27,1563539965706,-4,19/07/2019 08:39:25,8700,20,questionnaire-kw49,,2834361,AELOYBHVZFDW9,785222,,complete,fopunw,,computer,Desktop or Laptop,Windows 7,Chrome 75.0.3770.142,1280x720,1280x579,words,Consent_Q,1,l_pos,words,English_Native,No_Psych,Accurate,l_pos,18 and over,BEGIN QUESTIONNAIRE,
2,1563539977841,19/07/2019 12:39:37,1563539975788,-4,19/07/2019 08:39:35,8700,20,questionnaire-kw49,,2834361,AELOYBHVZFDW9,785222,,complete,fopunw,,computer,Desktop or Laptop,Windows 7,Chrome 75.0.3770.142,1280x720,1263x579,words,Consent_Q,1,l_pos,words,English_Native,No_Psych,Accurate,l_pos,18 and over,END QUESTIONNAIRE,10083
1,1563766887057,22/07/2019 03:41:27,1563766887072,-7,21/07/2019 20:41:27,8700,20,questionnaire-kw49,,2864456,A26NGLGGFTATVN,788857,,complete,ngsmrl,,computer,Desktop or Laptop,Windows 10,Chrome 75.0.3770.142,1920x1080,1920x969,words,Consent_Q,1,a_pos,words,English_Native,No_Psych,Accurate,l_pos,18 and over,BEGIN QUESTIONNAIRE,
2,1563766889071,22/07/2019 03:41:29,1563766889177,-7,21/07/2019 20:41:29,8700,20,questionnaire-kw49,,2864456,A26NGLGGFTATVN,788857,,complete,ngsmrl,,computer,Desktop or Laptop,Windows 10,Chrome 75.0.3770.142,1920x1080,1903x969,words,Consent_Q,1,a_pos,words,English_Native,No_Psych,Accurate,l_pos,18 and over,END QUESTIONNAIRE,2105
1,1563766927368,22/07/2019 03:42:07,1563766928414,-5,21/07/2019 22:42:08,8700,20,questionnaire-kw49,,2864459,A2INXY39KBM92F,788858,,complete,otemjs,,computer,Desktop or Laptop,Windows 10,Chrome 75.0.3770.142,1920x1080,1920x937,words,Consent_Q,1,l_pos,words,English_Native,No_Psych,Accurate,l_pos,18 and over,BEGIN QUESTIONNAIRE,
2,1563766931990,22/07/2019 03:42:11,1563766933138,-5,21/07/2019 22:42:13,8700,20,questionnaire-kw49,,2864459,A2INXY39KBM92F,788858,,complete,otemjs,,computer,Desktop or Laptop,Windows 10,Chrome 75.0.3770.142,1920x1080,1903x937,words,Consent_Q,1,l_pos,words,English_Native,No_Psych,Accurate,l_pos,18 and over,END QUESTIONNAIRE,4724
1,1563767522791,22/07/2019 03:52:02,1563767522444,-5,21/07/2019 22:52:02,8700,20,questionnaire-kw49,,2864466,A2F5NCG5YURL0U,788860,,complete,jbejmc,,computer,Desktop or Laptop,Windows 10,Chrome 75.0.3770.142,1536x864,1536x722,words,Consent_Q,1,a_pos,words,English_Native,No_Psych,Accurate,a_pos,18 and over,BEGIN QUESTIONNAIRE,
2,1563767526291,22/07/2019 03:52:06,1563767526039,-5,21/07/2019 22:52:06,8700,20,questionnaire-kw49,,2864466,A2F5NCG5YURL0U,788860,,complete,jbejmc,,computer,Desktop or Laptop,Windows 10,Chrome 75.0.3770.142,1536x864,1519x722,words,Consent_Q,1,a_pos,words,English_Native,No_Psych,Accurate,a_pos,18 and over,END QUESTIONNAIRE,3595
1,1563767588385,22/07/2019 03:53:08,1563767590121,-4,21/07/2019 23:53:10,8700,20,questionnaire-kw49,,2864470,A2LAMCJLVCRQ4T,788861,,complete,rkpbpf,,computer,Desktop or Laptop,Windows 10,Firefox 68.0,1920x1080,1920x976,words,Consent_Q,1,l_pos,words,English_Native,No_Psych,Accurate,l_pos,18 and over,BEGIN QUESTIONNAIRE,
2,1563767617542,22/07/2019 03:53:37,1563767619292,-4,21/07/2019 23:53:39,8700,20,questionnaire-kw49,,2864470,A2LAMCJLVCRQ4T,788861,,complete,rkpbpf,,computer,Desktop or Laptop,Windows 10,Firefox 68.0,1920x1080,1903x976,words,Consent_Q,1,l_pos,words,English_Native,No_Psych,Accurate,l_pos,18 and over,END QUESTIONNAIRE,29170
1,1563770608675,22/07/2019 04:43:28,1563770607954,-5,21/07/2019 23:43:27,8700,20,questionnaire-kw49,,2864478,A19Q676CHKCVOR,788864,,complete,lqvbop,,computer,Desktop or Laptop,Chromium OS 12105.90.0,Chrome 75.0.3770.129,1200x800,1200x673,words,Consent_Q,1,l_pos,words,English_Native,No_Psych,Accurate,a_pos,18 and over,BEGIN QUESTIONNAIRE,
2,1563770624316,22/07/2019 04:43:44,1563770623711,-5,21/07/2019 23:43:43,8700,20,questionnaire-kw49,,2864478,A19Q676CHKCVOR,788864,,complete,lqvbop,,computer,Desktop or Laptop,Chromium OS 12105.90.0,Chrome 75.0.3770.129,1200x800,1200x673,words,Consent_Q,1,l_pos,words,English_Native,No_Psych,Accurate,a_pos,18 and over,END QUESTIONNAIRE,15757
1,1563770817364,22/07/2019 04:46:57,1563770818123,-4,22/07/2019 00:46:58,8700,20,questionnaire-kw49,,2864483,A2HSCKH5NKN5LP,788865,,complete,cmbgje,,computer,Desktop or Laptop,Windows 10,Chrome 75.0.3770.142,1920x1080,1920x937,words,Consent_Q,1,l_pos,words,English_Native,No_Psych,Accurate,l_pos,18 and over,BEGIN QUESTIONNAIRE,
2,1563770819239,22/07/2019 04:46:59,1563770820072,-4,22/07/2019 00:47:00,8700,20,questionnaire-kw49,,2864483,A2HSCKH5NKN5LP,788865,,complete,cmbgje,,computer,Desktop or Laptop,Windows 10,Chrome 75.0.3770.142,1920x1080,1903x937,words,Consent_Q,1,l_pos,words,English_Native,No_Psych,Accurate,l_pos,18 and over,END QUESTIONNAIRE,1949
1,1563772280565,22/07/2019 05:11:20,1563772275538,-5,22/07/2019 00:11:15,8700,20,questionnaire-kw49,,2864494,A1TSD3O3C3ZUT6,788868,,complete,anldmg,,computer,Desktop or Laptop,Windows 7,Firefox 68.0,1366x768,1366x654,words,Consent_Q,1,a_pos,words,English_Native,No_Psych,Accurate,a_pos,18 and over,BEGIN QUESTIONNAIRE,
2,1563772283442,22/07/2019 05:11:23,1563772278488,-5,22/07/2019 00:11:18,8700,20,questionnaire-kw49,,2864494,A1TSD3O3C3ZUT6,788868,,complete,anldmg,,computer,Desktop or Laptop,Windows 7,Firefox 68.0,1366x768,1349x654,words,Consent_Q,1,a_pos,words,English_Native,No_Psych,Accurate,a_pos,18 and over,END QUESTIONNAIRE,2949
1,1563774268670,22/07/2019 05:44:28,1563774269119,-4,22/07/2019 01:44:29,8700,20,questionnaire-kw49,,2864502,AJ7MWBQFNH3E4,788871,,complete,tkqwms,,computer,Desktop or Laptop,Windows 10,Chrome 75.0.3770.142,1366x768,1518x730,words,Consent_Q,1,a_pos,words,English_Native,No_Psych,Accurate,l_pos,18 and over,BEGIN QUESTIONNAIRE,
2,1563774292484,22/07/2019 05:44:52,1563774293108,-4,22/07/2019 01:44:53,8700,20,questionnaire-kw49,,2864502,AJ7MWBQFNH3E4,788871,,complete,tkqwms,,computer,Desktop or Laptop,Windows 10,Chrome 75.0.3770.142,1366x768,1499x730,words,Consent_Q,1,a_pos,words,English_Native,No_Psych,Accurate,l_pos,18 and over,END QUESTIONNAIRE,23990
1,1563906748857,23/07/2019 18:32:28,1563906748021,-5,23/07/2019 13:32:28,8700,20,questionnaire-kw49,,2881491,AMPMTF5IAAMK8,791938,,complete,eqriav,,computer,Desktop or Laptop,Windows 10,Chrome 75.0.3770.142,1366x768,1366x695,words,Consent_Q,1,a_pos,words,English_Native,No_Psych,Accurate,l_pos,18 and over,BEGIN QUESTIONNAIRE,
2,1563906751665,23/07/2019 18:32:31,1563906750852,-5,23/07/2019 13:32:30,8700,20,questionnaire-kw49,,2881491,AMPMTF5IAAMK8,791938,,complete,eqriav,,computer,Desktop or Laptop,Windows 10,Chrome 75.0.3770.142,1366x768,1349x695,words,Consent_Q,1,a_pos,words,English_Native,No_Psych,Accurate,l_pos,18 and over,END QUESTIONNAIRE,2831
1,1563907257620,23/07/2019 18:40:57,1563907257566,-5,23/07/2019 13:40:57,8700,20,questionnaire-kw49,,2881519,AD14EQ9O9JKRI,791946,,complete,hexjps,,computer,Desktop or Laptop,Windows 10,Chrome 75.0.3770.142,1536x864,1536x754,words,Consent_Q,1,l_pos,words,English_Native,No_Psych,Accurate,l_pos,18 and over,BEGIN QUESTIONNAIRE,
2,1563907263096,23/07/2019 18:41:03,1563907263107,-5,23/07/2019 13:41:03,8700,20,questionnaire-kw49,,2881519,AD14EQ9O9JKRI,791946,,complete,hexjps,,computer,Desktop or Laptop,Windows 10,Chrome 75.0.3770.142,1536x864,1519x754,words,Consent_Q,1,l_pos,words,English_Native,No_Psych,Accurate,l_pos,18 and over,END QUESTIONNAIRE,5541
1,1563908129894,23/07/2019 18:55:29,1563908129824,-5,23/07/2019 13:55:29,8700,20,questionnaire-kw49,,2881548,A3N5RLYH05PY8L,791958,,complete,xhyucd,,computer,Desktop or Laptop,Chromium OS 12105.90.0,Chrome 75.0.3770.129,1366x768,1366x641,words,Consent_Q,1,l_pos,words,English_Native,No_Psych,Accurate,l_pos,18 and over,BEGIN QUESTIONNAIRE,
2,1563908136036,23/07/2019 18:55:36,1563908135999,-5,23/07/2019 13:55:35,8700,20,questionnaire-kw49,,2881548,A3N5RLYH05PY8L,791958,,complete,xhyucd,,computer,Desktop or Laptop,Chromium OS 12105.90.0,Chrome 75.0.3770.129,1366x768,1366x641,words,Consent_Q,1,l_pos,words,English_Native,No_Psych,Accurate,l_pos,18 and over,END QUESTIONNAIRE,6175
1,1563908736032,23/07/2019 19:05:36,1563908736818,-7,23/07/2019 12:05:36,8700,20,questionnaire-kw49,,2881574,AY5OS6NZWVX22,791964,,complete,jurrca,,computer,Desktop or Laptop,Windows 10,Chrome 75.0.3770.142,1536x864,1298x790,words,Consent_Q,1,a_pos,words,English_Native,No_Psych,Accurate,a_pos,18 and over,BEGIN QUESTIONNAIRE,
2,1563908740164,23/07/2019 19:05:40,1563908741008,-7,23/07/2019 12:05:41,8700,20,questionnaire-kw49,,2881574,AY5OS6NZWVX22,791964,,complete,jurrca,,computer,Desktop or Laptop,Windows 10,Chrome 75.0.3770.142,1536x864,1282x790,words,Consent_Q,1,a_pos,words,English_Native,No_Psych,Accurate,a_pos,18 and over,END QUESTIONNAIRE,4190
1,1563908925131,23/07/2019 19:08:45,1563908924851,-7,23/07/2019 12:08:44,8700,20,questionnaire-kw49,,2881578,A23437BMZ5T1FH,791965,,complete,ytvwdm,,computer,Desktop or Laptop,Windows 10,Chrome 75.0.3770.142,1366x768,1366x625,words,Consent_Q,1,l_pos,words,English_Native,No_Psych,Accurate,l_pos,18 and over,BEGIN QUESTIONNAIRE,
2,1563908930458,23/07/2019 19:08:50,1563908930212,-7,23/07/2019 12:08:50,8700,20,questionnaire-kw49,,2881578,A23437BMZ5T1FH,791965,,complete,ytvwdm,,computer,Desktop or Laptop,Windows 10,Chrome 75.0.3770.142,1366x768,1349x625,words,Consent_Q,1,l_pos,words,English_Native,No_Psych,Accurate,l_pos,18 and over,END QUESTIONNAIRE,5361
1,1563910467393,23/07/2019 19:34:27,1563910466437,-5,23/07/2019 14:34:26,8700,20,questionnaire-kw49,,2881632,A2RMJNF6IPI42F,791983,,complete,hwggvb,,computer,Desktop or Laptop,Chromium OS 12105.100.0,Chrome 75.0.3770.144,1366x768,1093x487,words,Consent_Q,1,l_pos,words,English_Native,No_Psych,Accurate,a_pos,18 and over,BEGIN QUESTIONNAIRE,
2,1563910524933,23/07/2019 19:35:24,1563910523968,-5,23/07/2019 14:35:23,8700,20,questionnaire-kw49,,2881632,A2RMJNF6IPI42F,791983,,complete,hwggvb,,computer,Desktop or Laptop,Chromium OS 12105.100.0,Chrome 75.0.3770.144,1366x768,1093x487,words,Consent_Q,1,l_pos,words,English_Native,No_Psych,Accurate,a_pos,18 and over,END QUESTIONNAIRE,57532
1,1563910808050,23/07/2019 19:40:08,1563910808154,-4,23/07/2019 15:40:08,8700,20,questionnaire-kw49,,2881640,A2BNOEYZ3VRW2R,791989,,complete,snjdbs,,computer,Desktop or Laptop,Windows 10,Chrome 75.0.3770.142,1360x768,1511x694,words,Consent_Q,1,l_pos,words,English_Native,No_Psych,Accurate,l_pos,18 and over,BEGIN QUESTIONNAIRE,
2,1563910834865,23/07/2019 19:40:34,1563910835026,-4,23/07/2019 15:40:35,8700,20,questionnaire-kw49,,2881640,A2BNOEYZ3VRW2R,791989,,complete,snjdbs,,computer,Desktop or Laptop,Windows 10,Chrome 75.0.3770.142,1360x768,1492x694,words,Consent_Q,1,l_pos,words,English_Native,No_Psych,Accurate,l_pos,18 and over,END QUESTIONNAIRE,26872
1,1563916150032,23/07/2019 21:09:10,1563916149911,-5,23/07/2019 16:09:09,8700,20,questionnaire-kw49,,2881747,A39MKVROUZ1UWR,792043,,complete,beywnm,,computer,Desktop or Laptop,Mac OS 10.13.6,Chrome 75.0.3770.142,1280x800,1280x593,words,Consent_Q,1,a_pos,words,English_Native,No_Psych,Accurate,a_pos,18 and over,BEGIN QUESTIONNAIRE,
2,1563916152646,23/07/2019 21:09:12,1563916152570,-5,23/07/2019 16:09:12,8700,20,questionnaire-kw49,,2881747,A39MKVROUZ1UWR,792043,,complete,beywnm,,computer,Desktop or Laptop,Mac OS 10.13.6,Chrome 75.0.3770.142,1280x800,1265x593,words,Consent_Q,1,a_pos,words,English_Native,No_Psych,Accurate,a_pos,18 and over,END QUESTIONNAIRE,2659
1,1563938519262,24/07/2019 03:21:59,1563938624939,-4,23/07/2019 23:23:44,8700,20,questionnaire-kw49,,2882125,A7GYU5VL06V4M,792094,,complete,cskryg,,computer,Desktop or Laptop,Windows 7,Chrome 75.0.3770.142,1280x1024,1280x913,words,Consent_Q,1,a_pos,words,English_Native,No_Psych,Accurate,a_pos,18 and over,BEGIN QUESTIONNAIRE,
2,1563938521594,24/07/2019 03:22:01,1563938627437,-4,23/07/2019 23:23:47,8700,20,questionnaire-kw49,,2882125,A7GYU5VL06V4M,792094,,complete,cskryg,,computer,Desktop or Laptop,Windows 7,Chrome 75.0.3770.142,1280x1024,1263x913,words,Consent_Q,1,a_pos,words,English_Native,No_Psych,Accurate,a_pos,18 and over,END QUESTIONNAIRE,2498
1,1563938529781,24/07/2019 03:22:09,1563938529542,-5,23/07/2019 22:22:09,8700,20,questionnaire-kw49,,2882130,A2JZGGMZZ0EGPP,792098,,complete,vbgnaz,,computer,Desktop or Laptop,Windows 10,Chrome 75.0.3770.142,1360x768,1344x648,words,Consent_Q,1,a_pos,words,English_Native,No_Psych,Accurate,a_pos,18 and over,BEGIN QUESTIONNAIRE,
2,1563938532897,24/07/2019 03:22:12,1563938532745,-5,23/07/2019 22:22:12,8700,20,questionnaire-kw49,,2882130,A2JZGGMZZ0EGPP,792098,,complete,vbgnaz,,computer,Desktop or Laptop,Windows 10,Chrome 75.0.3770.142,1360x768,1327x648,words,Consent_Q,1,a_pos,words,English_Native,No_Psych,Accurate,a_pos,18 and over,END QUESTIONNAIRE,3203
1,1563938543171,24/07/2019 03:22:23,1563938543048,-4,23/07/2019 23:22:23,8700,20,questionnaire-kw49,,2882135,A10GUO8KD2Q38B,792099,,complete,gmtexi,,computer,Desktop or Laptop,Mac OS 10.14.5,Chrome 75.0.3770.142,1366x768,1366x666,words,Consent_Q,1,l_pos,words,English_Native,No_Psych,Accurate,a_pos,18 and over,BEGIN QUESTIONNAIRE,
2,1563938556762,24/07/2019 03:22:36,1563938556670,-4,23/07/2019 23:22:36,8700,20,questionnaire-kw49,,2882135,A10GUO8KD2Q38B,792099,,complete,gmtexi,,computer,Desktop or Laptop,Mac OS 10.14.5,Chrome 75.0.3770.142,1366x768,1366x666,words,Consent_Q,1,l_pos,words,English_Native,No_Psych,Accurate,a_pos,18 and over,END QUESTIONNAIRE,13623
1,1563938585989,24/07/2019 03:23:05,1563938585493,-5,23/07/2019 22:23:05,8700,20,questionnaire-kw49,,2882141,AWE9A4ZOP9LNU,792100,,complete,mqeabe,,computer,Desktop or Laptop,Windows 10,Chrome 75.0.3770.142,1366x768,1708x781,words,Consent_Q,1,l_pos,words,English_Native,No_Psych,Accurate,a_pos,18 and over,BEGIN QUESTIONNAIRE,
2,1563938597864,24/07/2019 03:23:17,1563938597418,-5,23/07/2019 22:23:17,8700,20,questionnaire-kw49,,2882141,AWE9A4ZOP9LNU,792100,,complete,mqeabe,,computer,Desktop or Laptop,Windows 10,Chrome 75.0.3770.142,1366x768,1686x781,words,Consent_Q,1,l_pos,words,English_Native,No_Psych,Accurate,a_pos,18 and over,END QUESTIONNAIRE,11926
1,1563938618953,24/07/2019 03:23:38,1563938616904,-4,23/07/2019 23:23:36,8700,20,questionnaire-kw49,,2882145,A39EZ7V9T25RZO,792101,,complete,cmzowz,,computer,Desktop or Laptop,Windows 10,Chrome 75.0.3770.142,1366x768,1366x625,words,Consent_Q,1,a_pos,words,English_Native,No_Psych,Accurate,a_pos,18 and over,BEGIN QUESTIONNAIRE,
2,1563938622676,24/07/2019 03:23:42,1563938620673,-4,23/07/2019 23:23:40,8700,20,questionnaire-kw49,,2882145,A39EZ7V9T25RZO,792101,,complete,cmzowz,,computer,Desktop or Laptop,Windows 10,Chrome 75.0.3770.142,1366x768,1349x625,words,Consent_Q,1,a_pos,words,English_Native,No_Psych,Accurate,a_pos,18 and over,END QUESTIONNAIRE,3769
1,1563938624532,24/07/2019 03:23:44,1563938624773,-7,23/07/2019 20:23:44,8700,20,questionnaire-kw49,,2882147,A3MD34XEB4H6JF,792102,,complete,kgucjz,,computer,Desktop or Laptop,Windows 10,Chrome 75.0.3770.142,1024x768,1024x625,words,Consent_Q,1,a_pos,words,English_Native,No_Psych,Accurate,a_pos,18 and over,BEGIN QUESTIONNAIRE,
2,1563938631244,24/07/2019 03:23:51,1563938631521,-7,23/07/2019 20:23:51,8700,20,questionnaire-kw49,,2882147,A3MD34XEB4H6JF,792102,,complete,kgucjz,,computer,Desktop or Laptop,Windows 10,Chrome 75.0.3770.142,1024x768,1007x625,words,Consent_Q,1,a_pos,words,English_Native,No_Psych,Accurate,a_pos,18 and over,END QUESTIONNAIRE,6748
1,1563938634891,24/07/2019 03:23:54,1563938633660,-5,23/07/2019 22:23:53,8700,20,questionnaire-kw49,,2882151,A2ND0T6C7O2PDF,792103,,complete,xtqzby,,computer,Desktop or Laptop,Windows 10,Chrome 75.0.3770.100,1280x720,1280x610,words,Consent_Q,1,l_pos,words,English_Native,No_Psych,Accurate,a_pos,18 and over,BEGIN QUESTIONNAIRE,
2,1563938659716,24/07/2019 03:24:19,1563938658462,-5,23/07/2019 22:24:18,8700,20,questionnaire-kw49,,2882151,A2ND0T6C7O2PDF,792103,,complete,xtqzby,,computer,Desktop or Laptop,Windows 10,Chrome 75.0.3770.100,1280x720,1263x610,words,Consent_Q,1,l_pos,words,English_Native,No_Psych,Accurate,a_pos,18 and over,END QUESTIONNAIRE,24802
1,1563938653523,24/07/2019 03:24:13,1563938653419,-4,23/07/2019 23:24:13,8700,20,questionnaire-kw49,,2882153,A195ALXEOWXS4A,792104,,complete,thhiak,,computer,Desktop or Laptop,Mac OS 10.13.6,Chrome 75.0.3770.100,1920x1080,1915x978,words,Consent_Q,1,a_pos,words,English_Native,No_Psych,Accurate,a_pos,18 and over,BEGIN QUESTIONNAIRE,
2,1563938659779,24/07/2019 03:24:19,1563938659706,-4,23/07/2019 23:24:19,8700,20,questionnaire-kw49,,2882153,A195ALXEOWXS4A,792104,,complete,thhiak,,computer,Desktop or Laptop,Mac OS 10.13.6,Chrome 75.0.3770.100,1920x1080,1900x978,words,Consent_Q,1,a_pos,words,English_Native,No_Psych,Accurate,a_pos,18 and over,END QUESTIONNAIRE,6287
1,1563938734158,24/07/2019 03:25:34,1563938733945,-5,23/07/2019 22:25:33,8700,20,questionnaire-kw49,,2882161,AADRVG2QVZH75,792105,,complete,wekhqh,,computer,Desktop or Laptop,Mac OS 10.14.5,Chrome 75.0.3770.142,1680x1050,1363x903,words,Consent_Q,1,a_pos,words,English_Native,No_Psych,Accurate,a_pos,18 and over,BEGIN QUESTIONNAIRE,
2,1563938751311,24/07/2019 03:25:51,1563938751180,-5,23/07/2019 22:25:51,8700,20,questionnaire-kw49,,2882161,AADRVG2QVZH75,792105,,complete,wekhqh,,computer,Desktop or Laptop,Mac OS 10.14.5,Chrome 75.0.3770.142,1680x1050,1363x903,words,Consent_Q,1,a_pos,words,English_Native,No_Psych,Accurate,a_pos,18 and over,END QUESTIONNAIRE,17235
1,1563938806531,24/07/2019 03:26:46,1563938798169,5.5,24/07/2019 08:56:38,8700,20,questionnaire-kw49,,2882167,AYJW9UYCWVMY6,792107,,complete,czolzg,,computer,Desktop or Laptop,Windows 7,Chrome 75.0.3770.142,1280x800,1280x657,words,Consent_Q,1,a_pos,words,English_Native,No_Psych,Accurate,l_pos,18 and over,BEGIN QUESTIONNAIRE,
2,1563938841572,24/07/2019 03:27:21,1563938833275,5.5,24/07/2019 08:57:13,8700,20,questionnaire-kw49,,2882167,AYJW9UYCWVMY6,792107,,complete,czolzg,,computer,Desktop or Laptop,Windows 7,Chrome 75.0.3770.142,1280x800,1263x657,words,Consent_Q,1,a_pos,words,English_Native,No_Psych,Accurate,l_pos,18 and over,END QUESTIONNAIRE,35106
1,1563938831181,24/07/2019 03:27:11,1563938829609,-4,23/07/2019 23:27:09,8700,20,questionnaire-kw49,,2882169,A228M4KOCN6I95,792108,,complete,czjbtf,,computer,Desktop or Laptop,Windows 10,Chrome 75.0.3770.142,1920x1080,1920x937,words,Consent_Q,1,a_pos,words,English_Native,No_Psych,Accurate,l_pos,18 and over,BEGIN QUESTIONNAIRE,
2,1563938833630,24/07/2019 03:27:13,1563938832111,-4,23/07/2019 23:27:12,8700,20,questionnaire-kw49,,2882169,A228M4KOCN6I95,792108,,complete,czjbtf,,computer,Desktop or Laptop,Windows 10,Chrome 75.0.3770.142,1920x1080,1903x937,words,Consent_Q,1,a_pos,words,English_Native,No_Psych,Accurate,l_pos,18 and over,END QUESTIONNAIRE,2502
1,1563938926951,24/07/2019 03:28:46,1563938926191,-4,23/07/2019 23:28:46,8700,20,questionnaire-kw49,,2882176,A4158R4Y06ZB4,792109,,complete,ylolsj,,computer,Desktop or Laptop,Windows 10,Chrome 75.0.3770.142,1920x1080,1221x959,words,Consent_Q,1,l_pos,words,English_Native,No_Psych,Accurate,a_pos,18 and over,BEGIN QUESTIONNAIRE,
2,1563938954501,24/07/2019 03:29:14,1563938953751,-4,23/07/2019 23:29:13,8700,20,questionnaire-kw49,,2882176,A4158R4Y06ZB4,792109,,complete,ylolsj,,computer,Desktop or Laptop,Windows 10,Chrome 75.0.3770.142,1920x1080,1204x959,words,Consent_Q,1,l_pos,words,English_Native,No_Psych,Accurate,a_pos,18 and over,END QUESTIONNAIRE,27559
1,1563938933864,24/07/2019 03:28:53,1563938932887,-4,23/07/2019 23:28:52,8700,20,questionnaire-kw49,,2882178,AWBH8AHN105F6,792110,,complete,lbsgei,,computer,Desktop or Laptop,Windows 7,Chrome 75.0.3770.142,1366x768,1366x657,words,Consent_Q,1,l_pos,words,English_Native,No_Psych,Accurate,a_pos,18 and over,BEGIN QUESTIONNAIRE,
2,1563939006335,24/07/2019 03:30:06,1563939005449,-4,23/07/2019 23:30:05,8700,20,questionnaire-kw49,,2882178,AWBH8AHN105F6,792110,,complete,lbsgei,,computer,Desktop or Laptop,Windows 7,Chrome 75.0.3770.142,1366x768,1349x657,words,Consent_Q,1,l_pos,words,English_Native,No_Psych,Accurate,a_pos,18 and over,END QUESTIONNAIRE,72563
1,1563939088764,24/07/2019 03:31:28,1563939081239,-7,23/07/2019 20:31:21,8700,20,questionnaire-kw49,,2882186,A22ON3MIIG0IJA,792111,,complete,gjiseh,,computer,Desktop or Laptop,Windows 7,Chrome 75.0.3770.142,1920x1080,984x916,words,Consent_Q,1,a_pos,words,English_Native,No_Psych,Accurate,a_pos,18 and over,BEGIN QUESTIONNAIRE,
2,1563939095408,24/07/2019 03:31:35,1563939087940,-7,23/07/2019 20:31:27,8700,20,questionnaire-kw49,,2882186,A22ON3MIIG0IJA,792111,,complete,gjiseh,,computer,Desktop or Laptop,Windows 7,Chrome 75.0.3770.142,1920x1080,967x916,words,Consent_Q,1,a_pos,words,English_Native,No_Psych,Accurate,a_pos,18 and over,END QUESTIONNAIRE,6701
1,1563939287189,24/07/2019 03:34:47,1563939287028,-7,23/07/2019 20:34:47,8700,20,questionnaire-kw49,,2882193,A2QIBANJO8H4NJ,792112,,complete,eyxvpz,,computer,Desktop or Laptop,Windows 8.1,Chrome 75.0.3770.142,1093x615,1094x474,words,Consent_Q,1,l_pos,words,English_Native,No_Psych,Accurate,l_pos,18 and over,BEGIN QUESTIONNAIRE,
2,1563939292028,24/07/2019 03:34:52,1563939290980,-7,23/07/2019 20:34:50,8700,20,questionnaire-kw49,,2882193,A2QIBANJO8H4NJ,792112,,complete,eyxvpz,,computer,Desktop or Laptop,Windows 8.1,Chrome 75.0.3770.142,1093x615,1077x474,words,Consent_Q,1,l_pos,words,English_Native,No_Psych,Accurate,l_pos,18 and over,END QUESTIONNAIRE,3952
1,1563946368607,24/07/2019 05:32:48,1563946368049,-4,24/07/2019 01:32:48,8700,20,questionnaire-kw49,,2882223,A1M24593XO5Z3C,792116,,complete,uxbmus,,computer,Desktop or Laptop,Windows 10,Chrome 75.0.3770.142,1920x1080,1920x888,words,Consent_Q,1,l_pos,words,English_Native,No_Psych,Accurate,l_pos,18 and over,BEGIN QUESTIONNAIRE,
2,1563946370795,24/07/2019 05:32:50,1563946370300,-4,24/07/2019 01:32:50,8700,20,questionnaire-kw49,,2882223,A1M24593XO5Z3C,792116,,complete,uxbmus,,computer,Desktop or Laptop,Windows 10,Chrome 75.0.3770.142,1920x1080,1903x888,words,Consent_Q,1,l_pos,words,English_Native,No_Psych,Accurate,l_pos,18 and over,END QUESTIONNAIRE,2250
1,1563995165407,24/07/2019 19:06:05,1563995163282,-7,24/07/2019 12:06:03,8700,20,questionnaire-kw49,,2887175,A9N7QYMG6KIHD,793179,,complete,xicnho,,computer,Desktop or Laptop,Windows Vista,Chrome 49.0.2623.112,1024x576,888x494,words,Consent_Q,1,l_pos,words,English_Native,No_Psych,Accurate,a_pos,18 and over,BEGIN QUESTIONNAIRE,
2,1563995171223,24/07/2019 19:06:11,1563995169193,-7,24/07/2019 12:06:09,8700,20,questionnaire-kw49,,2887175,A9N7QYMG6KIHD,793179,,complete,xicnho,,computer,Desktop or Laptop,Windows Vista,Chrome 49.0.2623.112,1024x576,872x494,words,Consent_Q,1,l_pos,words,English_Native,No_Psych,Accurate,a_pos,18 and over,END QUESTIONNAIRE,5914
1,1563995198556,24/07/2019 19:06:38,1563995198326,-6,24/07/2019 13:06:38,8700,20,questionnaire-kw49,,2887183,AQXRHIMQ7UK7O,793181,,complete,gutoit,,computer,Desktop or Laptop,Mac OS 10.13.6,Chrome 75.0.3770.142,1920x1080,1088x880,words,Consent_Q,1,l_pos,words,English_Native,No_Psych,Accurate,a_pos,18 and over,BEGIN QUESTIONNAIRE,
2,1563995647475,24/07/2019 19:14:07,1563995646703,-6,24/07/2019 13:14:06,8700,20,questionnaire-kw49,,2887183,AQXRHIMQ7UK7O,793181,,complete,gutoit,,computer,Desktop or Laptop,Mac OS 10.13.6,Chrome 75.0.3770.142,1920x1080,1303x880,words,Consent_Q,1,l_pos,words,English_Native,No_Psych,Accurate,a_pos,18 and over,END QUESTIONNAIRE,448377
1,1563995355277,24/07/2019 19:09:15,1563995361571,-5,24/07/2019 14:09:21,8700,20,questionnaire-kw49,,2887197,ATGF05HW5Q63J,793186,,complete,aiotnn,,computer,Desktop or Laptop,Windows 7,Chrome 75.0.3770.142,1920x1080,1920x977,words,Consent_Q,1,a_pos,words,English_Native,No_Psych,Accurate,a_pos,18 and over,BEGIN QUESTIONNAIRE,
2,1563995360917,24/07/2019 19:09:20,1563995367241,-5,24/07/2019 14:09:27,8700,20,questionnaire-kw49,,2887197,ATGF05HW5Q63J,793186,,complete,aiotnn,,computer,Desktop or Laptop,Windows 7,Chrome 75.0.3770.142,1920x1080,1903x977,words,Consent_Q,1,a_pos,words,English_Native,No_Psych,Accurate,a_pos,18 and over,END QUESTIONNAIRE,5670
1,1563995355182,24/07/2019 19:09:15,1563995306798,-4,24/07/2019 15:08:26,8700,20,questionnaire-kw49,,2887198,A3GAQNTZ1V1VO,793187,,complete,jxwvjs,,computer,Desktop or Laptop,Windows 7,Chrome 75.0.3770.142,1920x1080,1920x977,words,Consent_Q,1,a_pos,words,English_Native,No_Psych,Accurate,a_pos,18 and over,BEGIN QUESTIONNAIRE,
2,1563995359542,24/07/2019 19:09:19,1563995311212,-4,24/07/2019 15:08:31,8700,20,questionnaire-kw49,,2887198,A3GAQNTZ1V1VO,793187,,complete,jxwvjs,,computer,Desktop or Laptop,Windows 7,Chrome 75.0.3770.142,1920x1080,1903x977,words,Consent_Q,1,a_pos,words,English_Native,No_Psych,Accurate,a_pos,18 and over,END QUESTIONNAIRE,4414
1,1563995510186,24/07/2019 19:11:50,1563995510087,-5,24/07/2019 14:11:50,8700,20,questionnaire-kw49,,2887228,AEWGY34WUIA32,793193,,complete,pbfide,,computer,Desktop or Laptop,Windows 10,Chrome 75.0.3770.142,1920x1080,1920x937,words,Consent_Q,1,a_pos,words,English_Native,No_Psych,Accurate,a_pos,18 and over,BEGIN QUESTIONNAIRE,
2,1563995520117,24/07/2019 19:12:00,1563995520089,-5,24/07/2019 14:12:00,8700,20,questionnaire-kw49,,2887228,AEWGY34WUIA32,793193,,complete,pbfide,,computer,Desktop or Laptop,Windows 10,Chrome 75.0.3770.142,1920x1080,1903x937,words,Consent_Q,1,a_pos,words,English_Native,No_Psych,Accurate,a_pos,18 and over,END QUESTIONNAIRE,10002
1,1563996585017,24/07/2019 19:29:45,1563996586471,-4,24/07/2019 15:29:46,8700,20,questionnaire-kw49,,2887359,A1ZVC2VT88SYEP,793217,,complete,dkntmj,,computer,Desktop or Laptop,Windows 10,Chrome 75.0.3770.142,1680x1050,1680x907,words,Consent_Q,1,a_pos,words,English_Native,No_Psych,Accurate,l_pos,18 and over,BEGIN QUESTIONNAIRE,
2,1563996588457,24/07/2019 19:29:48,1563996589951,-4,24/07/2019 15:29:49,8700,20,questionnaire-kw49,,2887359,A1ZVC2VT88SYEP,793217,,complete,dkntmj,,computer,Desktop or Laptop,Windows 10,Chrome 75.0.3770.142,1680x1050,1663x907,words,Consent_Q,1,a_pos,words,English_Native,No_Psych,Accurate,l_pos,18 and over,END QUESTIONNAIRE,3480
1,1563996741629,24/07/2019 19:32:21,1563996741489,-5,24/07/2019 14:32:21,8700,20,questionnaire-kw49,,2887382,A1SIUJEL2LS8UO,793220,,complete,txyler,,computer,Desktop or Laptop,Windows 7,Chrome 74.0.3729.131,1280x1024,1183x830,words,Consent_Q,1,a_pos,words,English_Native,No_Psych,Accurate,a_pos,18 and over,BEGIN QUESTIONNAIRE,
2,1563996743785,24/07/2019 19:32:23,1563996743675,-5,24/07/2019 14:32:23,8700,20,questionnaire-kw49,,2887382,A1SIUJEL2LS8UO,793220,,complete,txyler,,computer,Desktop or Laptop,Windows 7,Chrome 74.0.3729.131,1280x1024,1166x830,words,Consent_Q,1,a_pos,words,English_Native,No_Psych,Accurate,a_pos,18 and over,END QUESTIONNAIRE,2186
1,1563997195822,24/07/2019 19:39:55,1563997176265,-4,24/07/2019 15:39:36,8700,20,questionnaire-kw49,,2887496,A2B227N1NQYS56,793240,,complete,waeyhn,,computer,Desktop or Laptop,Windows 7,Chrome 75.0.3770.142,1440x900,1440x797,words,Consent_Q,1,a_pos,words,English_Native,No_Psych,Accurate,a_pos,18 and over,BEGIN QUESTIONNAIRE,
2,1563997197846,24/07/2019 19:39:57,1563997178867,-4,24/07/2019 15:39:38,8700,20,questionnaire-kw49,,2887496,A2B227N1NQYS56,793240,,complete,waeyhn,,computer,Desktop or Laptop,Windows 7,Chrome 75.0.3770.142,1440x900,1423x797,words,Consent_Q,1,a_pos,words,English_Native,No_Psych,Accurate,a_pos,18 and over,END QUESTIONNAIRE,2602
1,1563997456990,24/07/2019 19:44:16,1563997456426,-4,24/07/2019 15:44:16,8700,20,questionnaire-kw49,,2887546,A2BTDUJFLSBN8E,793247,,complete,cfkujc,,computer,Desktop or Laptop,Windows 10,Chrome 75.0.3770.142,1920x1080,1920x969,words,Consent_Q,1,a_pos,words,English_Native,No_Psych,Accurate,a_pos,18 and over,BEGIN QUESTIONNAIRE,
2,1563997459786,24/07/2019 19:44:19,1563997459240,-4,24/07/2019 15:44:19,8700,20,questionnaire-kw49,,2887546,A2BTDUJFLSBN8E,793247,,complete,cfkujc,,computer,Desktop or Laptop,Windows 10,Chrome 75.0.3770.142,1920x1080,1903x969,words,Consent_Q,1,a_pos,words,English_Native,No_Psych,Accurate,a_pos,18 and over,END QUESTIONNAIRE,2814
1,1563999083758,24/07/2019 20:11:23,1563999083584,-5,24/07/2019 15:11:23,8700,20,questionnaire-kw49,,2887958,APGX2WZ59OWDN,793343,,complete,amkvqf,,computer,Desktop or Laptop,Windows 10,Chrome 75.0.3770.100,1920x1080,1041x934,words,Consent_Q,1,l_pos,words,English_Native,No_Psych,Accurate,a_pos,18 and over,BEGIN QUESTIONNAIRE,
2,1563999085492,24/07/2019 20:11:25,1563999085394,-5,24/07/2019 15:11:25,8700,20,questionnaire-kw49,,2887958,APGX2WZ59OWDN,793343,,complete,amkvqf,,computer,Desktop or Laptop,Windows 10,Chrome 75.0.3770.100,1920x1080,1024x934,words,Consent_Q,1,l_pos,words,English_Native,No_Psych,Accurate,a_pos,18 and over,END QUESTIONNAIRE,1810
1,1564000914875,24/07/2019 20:41:54,1564000917631,-7,24/07/2019 13:41:57,8700,20,questionnaire-kw49,,2889027,A2287HLNN9EZ56,793483,,complete,sfcezl,,computer,Desktop or Laptop,Windows 7,Chrome 75.0.3770.142,1366x768,1366x625,words,Consent_Q,1,a_pos,words,English_Native,No_Psych,Accurate,a_pos,18 and over,BEGIN QUESTIONNAIRE,
2,1564000920222,24/07/2019 20:42:00,1564000923045,-7,24/07/2019 13:42:03,8700,20,questionnaire-kw49,,2889027,A2287HLNN9EZ56,793483,,complete,sfcezl,,computer,Desktop or Laptop,Windows 7,Chrome 75.0.3770.142,1366x768,1349x625,words,Consent_Q,1,a_pos,words,English_Native,No_Psych,Accurate,a_pos,18 and over,END QUESTIONNAIRE,5415
1,1564000968858,24/07/2019 20:42:48,1564000968909,-7,24/07/2019 13:42:48,8700,20,questionnaire-kw49,,2889032,A1TGV7LT6LTIQU,793484,,complete,eemnvh,,computer,Desktop or Laptop,Windows 10,Chrome 75.0.3770.142,1920x1200,1920x1129,words,Consent_Q,1,a_pos,words,English_Native,No_Psych,Accurate,a_pos,18 and over,BEGIN QUESTIONNAIRE,
2,1564000971659,24/07/2019 20:42:51,1564000971721,-7,24/07/2019 13:42:51,8700,20,questionnaire-kw49,,2889032,A1TGV7LT6LTIQU,793484,,complete,eemnvh,,computer,Desktop or Laptop,Windows 10,Chrome 75.0.3770.142,1920x1200,1903x1129,words,Consent_Q,1,a_pos,words,English_Native,No_Psych,Accurate,a_pos,18 and over,END QUESTIONNAIRE,2812
1,1564344882478,28/07/2019 20:14:42,1564344869459,-5,28/07/2019 15:14:29,8700,20,questionnaire-kw49,,2902337,A8SM8X9UDAIYO,798581,,complete,qdudaf,,computer,Desktop or Laptop,Windows 8,Firefox 68.0,1366x768,1366x654,words,Consent_Q,1,a_pos,words,English_Native,No_Psych,Accurate,a_pos,18 and over,BEGIN QUESTIONNAIRE,
2,1564344935208,28/07/2019 20:15:35,1564344922337,-5,28/07/2019 15:15:22,8700,20,questionnaire-kw49,,2902337,A8SM8X9UDAIYO,798581,,complete,qdudaf,,computer,Desktop or Laptop,Windows 8,Firefox 68.0,1366x768,1349x654,words,Consent_Q,1,a_pos,words,English_Native,No_Psych,Accurate,a_pos,18 and over,END QUESTIONNAIRE,52878
1,1564344889556,28/07/2019 20:14:49,1564344888684,-5,28/07/2019 15:14:48,8700,20,questionnaire-kw49,,2902339,A1YGF0LJJGB30G,798582,,complete,fddhui,,computer,Desktop or Laptop,Chromium OS 12105.100.0,Chrome 75.0.3770.144,1300x731,1300x660,words,Consent_Q,1,a_pos,words,English_Native,No_Psych,Accurate,a_pos,18 and over,BEGIN QUESTIONNAIRE,
2,1564344906171,28/07/2019 20:15:06,1564344905366,-5,28/07/2019 15:15:05,8700,20,questionnaire-kw49,,2902339,A1YGF0LJJGB30G,798582,,complete,fddhui,,computer,Desktop or Laptop,Chromium OS 12105.100.0,Chrome 75.0.3770.144,1300x731,1300x660,words,Consent_Q,1,a_pos,words,English_Native,No_Psych,Accurate,a_pos,18 and over,END QUESTIONNAIRE,16683
1,1564344891697,28/07/2019 20:14:51,1564344891561,-4,28/07/2019 16:14:51,8700,20,questionnaire-kw49,,2902340,ANCCKNF1DKRZO,798583,,complete,rshsfs,,computer,Desktop or Laptop,Windows 7,Chrome 75.0.3770.142,1366x768,1708x821,words,Consent_Q,1,a_pos,words,English_Native,No_Psych,Accurate,a_pos,18 and over,BEGIN QUESTIONNAIRE,
2,1564344894978,28/07/2019 20:14:54,1564344894738,-4,28/07/2019 16:14:54,8700,20,questionnaire-kw49,,2902340,ANCCKNF1DKRZO,798583,,complete,rshsfs,,computer,Desktop or Laptop,Windows 7,Chrome 75.0.3770.142,1366x768,1686x821,words,Consent_Q,1,a_pos,words,English_Native,No_Psych,Accurate,a_pos,18 and over,END QUESTIONNAIRE,3177
1,1564344908611,28/07/2019 20:15:08,1564344909206,-5,28/07/2019 15:15:09,8700,20,questionnaire-kw49,,2902345,A13G9JEAEZQPUG,798585,,complete,ewkohx,,computer,Desktop or Laptop,Windows 10,Firefox 68.0,1366x768,1366x632,words,Consent_Q,1,l_pos,words,English_Native,No_Psych,Accurate,a_pos,18 and over,BEGIN QUESTIONNAIRE,
2,1564344912767,28/07/2019 20:15:12,1564344913438,-5,28/07/2019 15:15:13,8700,20,questionnaire-kw49,,2902345,A13G9JEAEZQPUG,798585,,complete,ewkohx,,computer,Desktop or Laptop,Windows 10,Firefox 68.0,1366x768,1349x632,words,Consent_Q,1,l_pos,words,English_Native,No_Psych,Accurate,a_pos,18 and over,END QUESTIONNAIRE,4232
1,1564344911296,28/07/2019 20:15:11,1564344911647,-4,28/07/2019 16:15:11,8700,20,questionnaire-kw49,,2902347,A1092C7QTLNYRS,798586,,complete,ttatvh,,computer,Desktop or Laptop,Windows 10,Firefox 68.0,1920x1080,1920x944,words,Consent_Q,1,a_pos,words,English_Native,No_Psych,Accurate,l_pos,18 and over,BEGIN QUESTIONNAIRE,
2,1564344913249,28/07/2019 20:15:13,1564344913663,-4,28/07/2019 16:15:13,8700,20,questionnaire-kw49,,2902347,A1092C7QTLNYRS,798586,,complete,ttatvh,,computer,Desktop or Laptop,Windows 10,Firefox 68.0,1920x1080,1903x944,words,Consent_Q,1,a_pos,words,English_Native,No_Psych,Accurate,l_pos,18 and over,END QUESTIONNAIRE,2016
1,1564344916124,28/07/2019 20:15:16,1564344915970,-5,28/07/2019 15:15:15,8700,20,questionnaire-kw49,,2902348,A20IA63WXHF683,798587,,complete,bmrjgi,,computer,Desktop or Laptop,Mac OS 10.13.6,Safari 12.1.1,1440x900,1144x756,words,Consent_Q,1,a_pos,words,English_Native,No_Psych,Accurate,a_pos,18 and over,BEGIN QUESTIONNAIRE,
2,1564344918781,28/07/2019 20:15:18,1564344918679,-5,28/07/2019 15:15:18,8700,20,questionnaire-kw49,,2902348,A20IA63WXHF683,798587,,complete,bmrjgi,,computer,Desktop or Laptop,Mac OS 10.13.6,Safari 12.1.1,1440x900,1144x756,words,Consent_Q,1,a_pos,words,English_Native,No_Psych,Accurate,a_pos,18 and over,END QUESTIONNAIRE,2709
1,1564344922797,28/07/2019 20:15:22,1564344922819,-7,28/07/2019 13:15:22,8700,20,questionnaire-kw49,,2902354,A34F2ESTZYTWRM,798589,,complete,cvswoj,,computer,Desktop or Laptop,Windows 10,Chrome 75.0.3770.142,1920x1080,958x966,words,Consent_Q,1,a_pos,words,English_Native,No_Psych,Accurate,l_pos,18 and over,BEGIN QUESTIONNAIRE,
2,1564344925003,28/07/2019 20:15:25,1564344925078,-7,28/07/2019 13:15:25,8700,20,questionnaire-kw49,,2902354,A34F2ESTZYTWRM,798589,,complete,cvswoj,,computer,Desktop or Laptop,Windows 10,Chrome 75.0.3770.142,1920x1080,941x966,words,Consent_Q,1,a_pos,words,English_Native,No_Psych,Accurate,l_pos,18 and over,END QUESTIONNAIRE,2259
1,1564344921923,28/07/2019 20:15:21,1564344923137,-4,28/07/2019 16:15:23,8700,20,questionnaire-kw49,,2902357,A3SCKN4XUE6OK3,798590,,complete,wehgkc,,computer,Desktop or Laptop,Windows 10,Chrome 75.0.3770.142,1920x1080,1391x919,words,Consent_Q,1,a_pos,words,English_Native,No_Psych,Accurate,a_pos,18 and over,BEGIN QUESTIONNAIRE,
2,1564344935474,28/07/2019 20:15:35,1564344936782,-4,28/07/2019 16:15:36,8700,20,questionnaire-kw49,,2902357,A3SCKN4XUE6OK3,798590,,complete,wehgkc,,computer,Desktop or Laptop,Windows 10,Chrome 75.0.3770.142,1920x1080,1374x919,words,Consent_Q,1,a_pos,words,English_Native,No_Psych,Accurate,a_pos,18 and over,END QUESTIONNAIRE,13645
1,1564344924657,28/07/2019 20:15:24,1564344924300,-4,28/07/2019 16:15:24,8700,20,questionnaire-kw49,,2902358,ABQKQQ8BD24BF,798591,,complete,wjlyqi,,computer,Desktop or Laptop,Windows 8.1,Firefox 68.0,1366x768,1366x613,words,Consent_Q,1,l_pos,words,English_Native,No_Psych,Accurate,a_pos,18 and over,BEGIN QUESTIONNAIRE,
2,1564344954165,28/07/2019 20:15:54,1564344953875,-4,28/07/2019 16:15:53,8700,20,questionnaire-kw49,,2902358,ABQKQQ8BD24BF,798591,,complete,wjlyqi,,computer,Desktop or Laptop,Windows 8.1,Firefox 68.0,1366x768,1349x613,words,Consent_Q,1,l_pos,words,English_Native,No_Psych,Accurate,a_pos,18 and over,END QUESTIONNAIRE,29574
1,1564344930005,28/07/2019 20:15:30,1564344929038,-4,28/07/2019 16:15:29,8700,20,questionnaire-kw49,,2902362,AZLZA0Q87TJZO,798593,,complete,pansof,,computer,Desktop or Laptop,Windows 10,Chrome 75.0.3770.142,1920x1080,1920x937,words,Consent_Q,1,a_pos,words,English_Native,No_Psych,Accurate,l_pos,18 and over,BEGIN QUESTIONNAIRE,
2,1564344944571,28/07/2019 20:15:44,1564344943653,-4,28/07/2019 16:15:43,8700,20,questionnaire-kw49,,2902362,AZLZA0Q87TJZO,798593,,complete,pansof,,computer,Desktop or Laptop,Windows 10,Chrome 75.0.3770.142,1920x1080,1903x937,words,Consent_Q,1,a_pos,words,English_Native,No_Psych,Accurate,l_pos,18 and over,END QUESTIONNAIRE,14615
1,1564344938911,28/07/2019 20:15:38,1564344940419,-5,28/07/2019 15:15:40,8700,20,questionnaire-kw49,,2902369,A3G7NGNCTTW422,798595,,complete,rsbjno,,computer,Desktop or Laptop,Windows 10,Chrome 75.0.3770.142,1920x1080,1920x937,words,Consent_Q,1,a_pos,words,English_Native,No_Psych,Accurate,l_pos,18 and over,BEGIN QUESTIONNAIRE,
2,1564344944645,28/07/2019 20:15:44,1564344946226,-5,28/07/2019 15:15:46,8700,20,questionnaire-kw49,,2902369,A3G7NGNCTTW422,798595,,complete,rsbjno,,computer,Desktop or Laptop,Windows 10,Chrome 75.0.3770.142,1920x1080,1903x937,words,Consent_Q,1,a_pos,words,English_Native,No_Psych,Accurate,l_pos,18 and over,END QUESTIONNAIRE,5807
1,1564344952115,28/07/2019 20:15:52,1564344952130,-7,28/07/2019 13:15:52,8700,20,questionnaire-kw49,,2902376,5m3di2r0,798597,,complete,phedww,,computer,Desktop or Laptop,Windows 10,Chrome 75.0.3770.142,1280x720,1280x610,words,Consent_Q,1,l_pos,words,English_Native,No_Psych,Accurate,a_pos,18 and over,BEGIN QUESTIONNAIRE,
2,1564345002471,28/07/2019 20:16:42,1564345002531,-7,28/07/2019 13:16:42,8700,20,questionnaire-kw49,,2902376,5m3di2r0,798597,,complete,phedww,,computer,Desktop or Laptop,Windows 10,Chrome 75.0.3770.142,1280x720,1263x610,words,Consent_Q,1,l_pos,words,English_Native,No_Psych,Accurate,a_pos,18 and over,END QUESTIONNAIRE,50401
1,1564344983476,28/07/2019 20:16:23,1564344983458,-7,28/07/2019 13:16:23,8700,20,questionnaire-kw49,,2902390,A6KOTWP7N7RLU,798600,,complete,oaepji,,computer,Desktop or Laptop,Windows 10,Firefox 68.0,1366x768,1291x657,words,Consent_Q,1,l_pos,words,English_Native,No_Psych,Accurate,a_pos,18 and over,BEGIN QUESTIONNAIRE,
2,1564344994497,28/07/2019 20:16:34,1564344994494,-7,28/07/2019 13:16:34,8700,20,questionnaire-kw49,,2902390,A6KOTWP7N7RLU,798600,,complete,oaepji,,computer,Desktop or Laptop,Windows 10,Firefox 68.0,1366x768,1274x657,words,Consent_Q,1,l_pos,words,English_Native,No_Psych,Accurate,a_pos,18 and over,END QUESTIONNAIRE,11036
1,1564344971208,28/07/2019 20:16:11,1564344930819,-4,28/07/2019 16:15:30,8700,20,questionnaire-kw49,,2902391,A1G187YBG0DVMQ,798601,,complete,mgmhey,,computer,Desktop or Laptop,Windows 7,Firefox 67.0,1366x768,831x642,words,Consent_Q,1,a_pos,words,English_Native,No_Psych,Accurate,a_pos,18 and over,BEGIN QUESTIONNAIRE,
2,1564344974444,28/07/2019 20:16:14,1564344934088,-4,28/07/2019 16:15:34,8700,20,questionnaire-kw49,,2902391,A1G187YBG0DVMQ,798601,,complete,mgmhey,,computer,Desktop or Laptop,Windows 7,Firefox 67.0,1366x768,814x642,words,Consent_Q,1,a_pos,words,English_Native,No_Psych,Accurate,a_pos,18 and over,END QUESTIONNAIRE,3269
1,1564344975521,28/07/2019 20:16:15,1564344975238,-4,28/07/2019 16:16:15,8700,20,questionnaire-kw49,,2902393,ANBWJZYU2A68T,798602,,complete,vmacyk,,computer,Desktop or Laptop,Mac OS 10.11.6,Chrome 74.0.3729.169,1280x800,1272x625,words,Consent_Q,1,a_pos,words,English_Native,No_Psych,Accurate,l_pos,18 and over,BEGIN QUESTIONNAIRE,
2,1564345036757,28/07/2019 20:17:16,1564345036495,-4,28/07/2019 16:17:16,8700,20,questionnaire-kw49,,2902393,ANBWJZYU2A68T,798602,,complete,vmacyk,,computer,Desktop or Laptop,Mac OS 10.11.6,Chrome 74.0.3729.169,1280x800,1272x625,words,Consent_Q,1,a_pos,words,English_Native,No_Psych,Accurate,l_pos,18 and over,END QUESTIONNAIRE,61258
1,1564345020721,28/07/2019 20:17:00,1564345018923,-7,28/07/2019 13:16:58,8700,20,questionnaire-kw49,,2902404,lunprwlm,798603,,complete,fowvpn,,computer,Desktop or Laptop,Windows 10,Chrome 75.0.3770.142,1536x864,1536x722,words,Consent_Q,1,a_pos,words,English_Native,No_Psych,Accurate,a_pos,18 and over,BEGIN QUESTIONNAIRE,
2,1564345048592,28/07/2019 20:17:28,1564345046085,-7,28/07/2019 13:17:26,8700,20,questionnaire-kw49,,2902404,lunprwlm,798603,,complete,fowvpn,,computer,Desktop or Laptop,Windows 10,Chrome 75.0.3770.142,1536x864,1519x722,words,Consent_Q,1,a_pos,words,English_Native,No_Psych,Accurate,a_pos,18 and over,END QUESTIONNAIRE,27162
1,1564345044147,28/07/2019 20:17:24,1564345043991,-4,28/07/2019 16:17:23,8700,20,questionnaire-kw49,,2902418,A281Q8U3T9H7JS,798606,,complete,fyhfkh,,computer,Desktop or Laptop,Mac OS 10.14.0,Chrome 75.0.3770.142,1280x800,1146x653,words,Consent_Q,1,l_pos,words,English_Native,No_Psych,Accurate,l_pos,18 and over,BEGIN QUESTIONNAIRE,
2,1564345048745,28/07/2019 20:17:28,1564345048651,-4,28/07/2019 16:17:28,8700,20,questionnaire-kw49,,2902418,A281Q8U3T9H7JS,798606,,complete,fyhfkh,,computer,Desktop or Laptop,Mac OS 10.14.0,Chrome 75.0.3770.142,1280x800,1146x653,words,Consent_Q,1,l_pos,words,English_Native,No_Psych,Accurate,l_pos,18 and over,END QUESTIONNAIRE,4660
1,1564345079946,28/07/2019 20:17:59,1564345078801,-7,28/07/2019 13:17:58,8700,20,questionnaire-kw49,,2902434,A1A0OTKVK1YXXD,798607,,complete,rjrinq,,computer,Desktop or Laptop,Mac OS 10.14.5,Chrome 75.0.3770.142,1680x1050,1680x938,words,Consent_Q,1,l_pos,words,English_Native,No_Psych,Accurate,a_pos,18 and over,BEGIN QUESTIONNAIRE,
2,1564345083648,28/07/2019 20:18:03,1564345082577,-7,28/07/2019 13:18:02,8700,20,questionnaire-kw49,,2902434,A1A0OTKVK1YXXD,798607,,complete,rjrinq,,computer,Desktop or Laptop,Mac OS 10.14.5,Chrome 75.0.3770.142,1680x1050,1680x938,words,Consent_Q,1,l_pos,words,English_Native,No_Psych,Accurate,a_pos,18 and over,END QUESTIONNAIRE,3776
1,1564345167634,28/07/2019 20:19:27,1564345167881,-5,28/07/2019 15:19:27,8700,20,questionnaire-kw49,,2902447,A1V6CSBT0WW2OF,798609,,complete,wedwcl,,computer,Desktop or Laptop,Windows 10,Chrome 75.0.3770.142,1536x864,1536x722,words,Consent_Q,1,a_pos,words,English_Native,No_Psych,Accurate,a_pos,18 and over,BEGIN QUESTIONNAIRE,
2,1564345188973,28/07/2019 20:19:48,1564345188791,-5,28/07/2019 15:19:48,8700,20,questionnaire-kw49,,2902447,A1V6CSBT0WW2OF,798609,,complete,wedwcl,,computer,Desktop or Laptop,Windows 10,Chrome 75.0.3770.142,1536x864,1519x722,words,Consent_Q,1,a_pos,words,English_Native,No_Psych,Accurate,a_pos,18 and over,END QUESTIONNAIRE,20910
1,1564345204980,28/07/2019 20:20:04,1564345201447,-4,28/07/2019 16:20:01,8700,20,questionnaire-kw49,,2902452,A2CJNNTLFULCTH,798610,,complete,ulepes,,computer,Desktop or Laptop,Windows 10,Chrome 75.0.3770.142,1366x768,1366x661,words,Consent_Q,1,a_pos,words,English_Native,No_Psych,Accurate,l_pos,18 and over,BEGIN QUESTIONNAIRE,
2,1564345209560,28/07/2019 20:20:09,1564345206099,-4,28/07/2019 16:20:06,8700,20,questionnaire-kw49,,2902452,A2CJNNTLFULCTH,798610,,complete,ulepes,,computer,Desktop or Laptop,Windows 10,Chrome 75.0.3770.142,1366x768,1349x661,words,Consent_Q,1,a_pos,words,English_Native,No_Psych,Accurate,l_pos,18 and over,END QUESTIONNAIRE,4652
1,1564345228987,28/07/2019 20:20:28,1564345227249,-4,28/07/2019 16:20:27,8700,20,questionnaire-kw49,,2902456,A3C0NQ2IP5FTZQ,798611,,complete,pfvciq,,computer,Desktop or Laptop,Windows 8,Chrome 73.0.3683.75,1920x1080,1881x929,words,Consent_Q,1,a_pos,words,English_Native,No_Psych,Accurate,a_pos,18 and over,BEGIN QUESTIONNAIRE,
2,1564345230674,28/07/2019 20:20:30,1564345229025,-4,28/07/2019 16:20:29,8700,20,questionnaire-kw49,,2902456,A3C0NQ2IP5FTZQ,798611,,complete,pfvciq,,computer,Desktop or Laptop,Windows 8,Chrome 73.0.3683.75,1920x1080,1864x929,words,Consent_Q,1,a_pos,words,English_Native,No_Psych,Accurate,a_pos,18 and over,END QUESTIONNAIRE,1776
1,1564345273737,28/07/2019 20:21:13,1564345273705,-5,28/07/2019 15:21:13,8700,20,questionnaire-kw49,,2902461,A3ENS1XT17ODR6,798612,,complete,nwuyvg,,computer,Desktop or Laptop,Windows 10,Chrome 75.0.3770.142,1366x768,681x647,words,Consent_Q,1,a_pos,words,English_Native,No_Psych,Accurate,a_pos,18 and over,BEGIN QUESTIONNAIRE,
2,1564345304064,28/07/2019 20:21:44,1564345304032,-5,28/07/2019 15:21:44,8700,20,questionnaire-kw49,,2902461,A3ENS1XT17ODR6,798612,,complete,nwuyvg,,computer,Desktop or Laptop,Windows 10,Chrome 75.0.3770.142,1366x768,664x647,words,Consent_Q,1,a_pos,words,English_Native,No_Psych,Accurate,a_pos,18 and over,END QUESTIONNAIRE,30327
1,1564345346978,28/07/2019 20:22:26,1564345341034,-7,28/07/2019 13:22:21,8700,20,questionnaire-kw49,,2902468,A31A4YKVSOYRVS,798613,,complete,kbeozs,,computer,Desktop or Laptop,Windows 10,Firefox 68.0,1280x1024,808x886,words,Consent_Q,1,l_pos,words,English_Native,No_Psych,Accurate,a_pos,18 and over,BEGIN QUESTIONNAIRE,
2,1564345352463,28/07/2019 20:22:32,1564345347460,-7,28/07/2019 13:22:27,8700,20,questionnaire-kw49,,2902468,A31A4YKVSOYRVS,798613,,complete,kbeozs,,computer,Desktop or Laptop,Windows 10,Firefox 68.0,1280x1024,791x886,words,Consent_Q,1,l_pos,words,English_Native,No_Psych,Accurate,a_pos,18 and over,END QUESTIONNAIRE,6425
1,1564345426217,28/07/2019 20:23:46,1564345427846,-4,28/07/2019 16:23:47,8700,20,questionnaire-kw49,,2902474,AHUGUDOPVRY7W,798615,,complete,cnslzu,,computer,Desktop or Laptop,Windows 10,Chrome 75.0.3770.142,1366x768,675x656,words,Consent_Q,1,l_pos,words,English_Native,No_Psych,Accurate,l_pos,18 and over,BEGIN QUESTIONNAIRE,
2,1564345449049,28/07/2019 20:24:09,1564345450709,-4,28/07/2019 16:24:10,8700,20,questionnaire-kw49,,2902474,AHUGUDOPVRY7W,798615,,complete,cnslzu,,computer,Desktop or Laptop,Windows 10,Chrome 75.0.3770.142,1366x768,658x656,words,Consent_Q,1,l_pos,words,English_Native,No_Psych,Accurate,l_pos,18 and over,END QUESTIONNAIRE,22863
1,1564345460537,28/07/2019 20:24:20,1564345461065,-5,28/07/2019 15:24:21,8700,20,questionnaire-kw49,,2902479,A3PRQ2GSU42718,798617,,complete,isgufq,,computer,Desktop or Laptop,Windows 7,Firefox 68.0,364x205,364x161,words,Consent_Q,1,l_pos,words,English_Native,No_Psych,Accurate,a_pos,18 and over,BEGIN QUESTIONNAIRE,
2,1564345504489,28/07/2019 20:25:04,1564345505033,-5,28/07/2019 15:25:05,8700,20,questionnaire-kw49,,2902479,A3PRQ2GSU42718,798617,,complete,isgufq,,computer,Desktop or Laptop,Windows 7,Firefox 68.0,546x307,538x307,words,Consent_Q,1,l_pos,words,English_Native,No_Psych,Accurate,a_pos,18 and over,END QUESTIONNAIRE,43967
1,1564345538737,28/07/2019 20:25:38,1564345542261,-4,28/07/2019 16:25:42,8700,20,questionnaire-kw49,,2902484,A2BV7O07LVX731,798618,,complete,ucvfcp,,computer,Desktop or Laptop,Windows 10,Chrome 75.0.3770.142,1366x768,816x595,words,Consent_Q,1,a_pos,words,English_Native,No_Psych,Accurate,l_pos,18 and over,BEGIN QUESTIONNAIRE,
2,1564345555357,28/07/2019 20:25:55,1564345558920,-4,28/07/2019 16:25:58,8700,20,questionnaire-kw49,,2902484,A2BV7O07LVX731,798618,,complete,ucvfcp,,computer,Desktop or Laptop,Windows 10,Chrome 75.0.3770.142,1366x768,799x595,words,Consent_Q,1,a_pos,words,English_Native,No_Psych,Accurate,l_pos,18 and over,END QUESTIONNAIRE,16659
1,1564345658795,28/07/2019 20:27:38,1564345657116,-4,28/07/2019 16:27:37,8700,20,questionnaire-kw49,,2902489,A1C59M3HPCO503,798620,,complete,pvrsbw,,computer,Desktop or Laptop,Windows 10,Chrome 75.0.3770.142,1920x1080,1920x969,words,Consent_Q,1,a_pos,words,English_Native,No_Psych,Accurate,l_pos,18 and over,BEGIN QUESTIONNAIRE,
2,1564345662673,28/07/2019 20:27:42,1564345661043,-4,28/07/2019 16:27:41,8700,20,questionnaire-kw49,,2902489,A1C59M3HPCO503,798620,,complete,pvrsbw,,computer,Desktop or Laptop,Windows 10,Chrome 75.0.3770.142,1920x1080,1903x969,words,Consent_Q,1,a_pos,words,English_Native,No_Psych,Accurate,l_pos,18 and over,END QUESTIONNAIRE,3927
1,1564345917325,28/07/2019 20:31:57,1564345918351,-4,28/07/2019 16:31:58,8700,20,questionnaire-kw49,,2902505,AGRKG3YT3KMD8,798623,,complete,uswesx,,computer,Desktop or Laptop,Windows 10,Chrome 75.0.3770.142,1024x768,1024x657,words,Consent_Q,1,a_pos,words,English_Native,No_Psych,Accurate,l_pos,18 and over,BEGIN QUESTIONNAIRE,
2,1564345920597,28/07/2019 20:32:00,1564345921648,-4,28/07/2019 16:32:01,8700,20,questionnaire-kw49,,2902505,AGRKG3YT3KMD8,798623,,complete,uswesx,,computer,Desktop or Laptop,Windows 10,Chrome 75.0.3770.142,1024x768,1007x657,words,Consent_Q,1,a_pos,words,English_Native,No_Psych,Accurate,l_pos,18 and over,END QUESTIONNAIRE,3297
1,1564345928999,28/07/2019 20:32:08,1564345928854,-4,28/07/2019 16:32:08,8700,20,questionnaire-kw49,,2902508,A3UV55HC87DO9C,798624,,complete,oquzzq,,computer,Desktop or Laptop,Mac OS 10.14.5,Chrome 75.0.3770.142,1440x900,1440x821,words,Consent_Q,1,a_pos,words,English_Native,No_Psych,Accurate,a_pos,18 and over,BEGIN QUESTIONNAIRE,
2,1564345932108,28/07/2019 20:32:12,1564345932045,-4,28/07/2019 16:32:12,8700,20,questionnaire-kw49,,2902508,A3UV55HC87DO9C,798624,,complete,oquzzq,,computer,Desktop or Laptop,Mac OS 10.14.5,Chrome 75.0.3770.142,1440x900,1440x821,words,Consent_Q,1,a_pos,words,English_Native,No_Psych,Accurate,a_pos,18 and over,END QUESTIONNAIRE,3191
1,1564346289820,28/07/2019 20:38:09,1564346290606,-4,28/07/2019 16:38:10,8700,20,questionnaire-kw49,,2902527,AHLK9SWDJHBBZ,798625,,complete,mefalp,,computer,Desktop or Laptop,Windows 10,Firefox 68.0,2048x864,2048x728,words,Consent_Q,1,a_pos,words,English_Native,No_Psych,Accurate,l_pos,18 and over,BEGIN QUESTIONNAIRE,
2,1564346295734,28/07/2019 20:38:15,1564346296582,-4,28/07/2019 16:38:16,8700,20,questionnaire-kw49,,2902527,AHLK9SWDJHBBZ,798625,,complete,mefalp,,computer,Desktop or Laptop,Windows 10,Firefox 68.0,2048x864,2031x728,words,Consent_Q,1,a_pos,words,English_Native,No_Psych,Accurate,l_pos,18 and over,END QUESTIONNAIRE,5976
1,1564346301516,28/07/2019 20:38:21,1564346301425,-4,28/07/2019 16:38:21,8700,20,questionnaire-kw49,,2902529,A1DCKRRPA4AWVD,798626,,complete,itocfz,,computer,Desktop or Laptop,Mac OS 10.14.6,Chrome 75.0.3770.142,1680x1050,1679x863,words,Consent_Q,1,a_pos,words,English_Native,No_Psych,Accurate,l_pos,18 and over,BEGIN QUESTIONNAIRE,
2,1564346323598,28/07/2019 20:38:43,1564346322417,-4,28/07/2019 16:38:42,8700,20,questionnaire-kw49,,2902529,A1DCKRRPA4AWVD,798626,,complete,itocfz,,computer,Desktop or Laptop,Mac OS 10.14.6,Chrome 75.0.3770.142,1680x1050,1664x863,words,Consent_Q,1,a_pos,words,English_Native,No_Psych,Accurate,l_pos,18 and over,END QUESTIONNAIRE,20992
1,1564346815642,28/07/2019 20:46:55,1564346817675,-7,28/07/2019 13:46:57,8700,20,questionnaire-kw49,,2902548,AJFVK3O1D7SPE,798630,,complete,sdeawi,,computer,Desktop or Laptop,Windows 10,Chrome 75.0.3770.142,1366x768,1304x665,words,Consent_Q,1,l_pos,words,English_Native,No_Psych,Accurate,l_pos,18 and over,BEGIN QUESTIONNAIRE,
2,1564346829816,28/07/2019 20:47:09,1564346831893,-7,28/07/2019 13:47:11,8700,20,questionnaire-kw49,,2902548,AJFVK3O1D7SPE,798630,,complete,sdeawi,,computer,Desktop or Laptop,Windows 10,Chrome 75.0.3770.142,1366x768,1287x665,words,Consent_Q,1,l_pos,words,English_Native,No_Psych,Accurate,l_pos,18 and over,END QUESTIONNAIRE,14218
1,1564347701052,28/07/2019 21:01:41,1564347700803,-4,28/07/2019 17:01:40,8700,20,questionnaire-kw49,,2902576,A3APKUC67F9IMW,798635,,complete,yicwvr,,computer,Desktop or Laptop,Windows 7,Chrome 75.0.3770.142,1920x1080,1920x937,words,Consent_Q,1,a_pos,words,English_Native,No_Psych,Accurate,a_pos,18 and over,BEGIN QUESTIONNAIRE,
2,1564347707826,28/07/2019 21:01:47,1564347707650,-4,28/07/2019 17:01:47,8700,20,questionnaire-kw49,,2902576,A3APKUC67F9IMW,798635,,complete,yicwvr,,computer,Desktop or Laptop,Windows 7,Chrome 75.0.3770.142,1920x1080,1903x937,words,Consent_Q,1,a_pos,words,English_Native,No_Psych,Accurate,a_pos,18 and over,END QUESTIONNAIRE,6848
1,1564347849802,28/07/2019 21:04:09,1564347454575,-5,28/07/2019 15:57:34,8700,20,questionnaire-kw49,,2902587,A2I6KQFA18BEGQ,798637,,complete,fmnsvi,,computer,Desktop or Laptop,Windows 10,Chrome 75.0.3770.100,1366x768,1366x695,words,Consent_Q,1,a_pos,words,English_Native,No_Psych,Accurate,l_pos,18 and over,BEGIN QUESTIONNAIRE,
2,1564347856098,28/07/2019 21:04:16,1564347460937,-5,28/07/2019 15:57:40,8700,20,questionnaire-kw49,,2902587,A2I6KQFA18BEGQ,798637,,complete,fmnsvi,,computer,Desktop or Laptop,Windows 10,Chrome 75.0.3770.100,1366x768,1349x695,words,Consent_Q,1,a_pos,words,English_Native,No_Psych,Accurate,l_pos,18 and over,END QUESTIONNAIRE,6363
1,1564348017158,28/07/2019 21:06:57,1564348016715,-5,28/07/2019 16:06:56,8700,20,questionnaire-kw49,,2902598,A212OY08MFDGU3,798640,,complete,sanrcl,,computer,Desktop or Laptop,Windows 10,Firefox 68.0,1600x900,1600x786,words,Consent_Q,1,l_pos,words,English_Native,No_Psych,Accurate,l_pos,18 and over,BEGIN QUESTIONNAIRE,
2,1564348044154,28/07/2019 21:07:24,1564348043741,-5,28/07/2019 16:07:23,8700,20,questionnaire-kw49,,2902598,A212OY08MFDGU3,798640,,complete,sanrcl,,computer,Desktop or Laptop,Windows 10,Firefox 68.0,1600x900,1583x786,words,Consent_Q,1,l_pos,words,English_Native,No_Psych,Accurate,l_pos,18 and over,END QUESTIONNAIRE,27027
1,1564348664113,28/07/2019 21:17:44,1564348660661,-4,28/07/2019 17:17:40,8700,20,questionnaire-kw49,,2902615,A2OVX9UW5WANQE,798643,,complete,frrghm,,computer,Desktop or Laptop,Windows 10,Chrome 75.0.3770.142,1280x720,1280x592,words,Consent_Q,1,a_pos,words,English_Native,No_Psych,Accurate,a_pos,18 and over,BEGIN QUESTIONNAIRE,
2,1564348668092,28/07/2019 21:17:48,1564348664671,-4,28/07/2019 17:17:44,8700,20,questionnaire-kw49,,2902615,A2OVX9UW5WANQE,798643,,complete,frrghm,,computer,Desktop or Laptop,Windows 10,Chrome 75.0.3770.142,1280x720,1263x592,words,Consent_Q,1,a_pos,words,English_Native,No_Psych,Accurate,a_pos,18 and over,END QUESTIONNAIRE,4010
1,1564499256393,30/07/2019 15:07:36,1564499254544,-5,30/07/2019 10:07:34,8700,20,questionnaire-kw49,,2907496,AHCUMO14VNTYZ,801325,,complete,akbash,,computer,Desktop or Laptop,Windows 10,Chrome 75.0.3770.142,1600x900,1600x757,words,Consent_Q,1,l_pos,words,English_Native,No_Psych,Accurate,a_pos,18 and over,BEGIN QUESTIONNAIRE,
2,1564499257925,30/07/2019 15:07:37,1564499256031,-5,30/07/2019 10:07:36,8700,20,questionnaire-kw49,,2907496,AHCUMO14VNTYZ,801325,,complete,akbash,,computer,Desktop or Laptop,Windows 10,Chrome 75.0.3770.142,1600x900,1583x757,words,Consent_Q,1,l_pos,words,English_Native,No_Psych,Accurate,a_pos,18 and over,END QUESTIONNAIRE,1487
1,1564499306983,30/07/2019 15:08:26,1564499305779,-4,30/07/2019 11:08:25,8700,20,questionnaire-kw49,,2907499,A2RLY2I4U06ETD,801326,,complete,hgduro,,computer,Desktop or Laptop,Windows 10,Chrome 75.0.3770.142,1920x1080,1920x937,words,Consent_Q,1,a_pos,words,English_Native,No_Psych,Accurate,a_pos,18 and over,BEGIN QUESTIONNAIRE,
2,1564499309091,30/07/2019 15:08:29,1564499307936,-4,30/07/2019 11:08:27,8700,20,questionnaire-kw49,,2907499,A2RLY2I4U06ETD,801326,,complete,hgduro,,computer,Desktop or Laptop,Windows 10,Chrome 75.0.3770.142,1920x1080,1903x937,words,Consent_Q,1,a_pos,words,English_Native,No_Psych,Accurate,a_pos,18 and over,END QUESTIONNAIRE,2157
1,1564499467617,30/07/2019 15:11:07,1564499467466,-4,30/07/2019 11:11:07,8700,20,questionnaire-kw49,,2907516,A2KPTJMOIYHG69,801330,,complete,roqdfy,,computer,Desktop or Laptop,Linux x86_64,Chrome 73.0.3683.103,1920x1080,1920x949,words,Consent_Q,1,l_pos,words,English_Native,No_Psych,Accurate,a_pos,18 and over,BEGIN QUESTIONNAIRE,
2,1564499524369,30/07/2019 15:12:04,1564499524269,-4,30/07/2019 11:12:04,8700,20,questionnaire-kw49,,2907516,A2KPTJMOIYHG69,801330,,complete,roqdfy,,computer,Desktop or Laptop,Linux x86_64,Chrome 73.0.3683.103,1920x1080,1905x949,words,Consent_Q,1,l_pos,words,English_Native,No_Psych,Accurate,a_pos,18 and over,END QUESTIONNAIRE,56803
1,1564500076468,30/07/2019 15:21:16,1564500076312,-4,30/07/2019 11:21:16,8700,20,questionnaire-kw49,,2907602,AC515PBP4645N,801355,,complete,bzpjdu,,computer,Desktop or Laptop,Windows 10,IE 11.0,1920x1080,1920x934,words,Consent_Q,1,a_pos,words,English_Native,No_Psych,Accurate,a_pos,18 and over,BEGIN QUESTIONNAIRE,
2,1564500078344,30/07/2019 15:21:18,1564500078230,-4,30/07/2019 11:21:18,8700,20,questionnaire-kw49,,2907602,AC515PBP4645N,801355,,complete,bzpjdu,,computer,Desktop or Laptop,Windows 10,IE 11.0,1920x1080,1920x934,words,Consent_Q,1,a_pos,words,English_Native,No_Psych,Accurate,a_pos,18 and over,END QUESTIONNAIRE,1918
1,1564502150848,30/07/2019 15:55:50,1564502149455,-4,30/07/2019 11:55:49,8700,20,questionnaire-kw49,,2907728,A18WSAKX5YN2FB,801388,,complete,tiojfj,,computer,Desktop or Laptop,Chromium OS 12105.100.0,Chrome 75.0.3770.144,1366x768,1366x609,words,Consent_Q,1,a_pos,words,English_Native,No_Psych,Accurate,l_pos,18 and over,BEGIN QUESTIONNAIRE,
2,1564502195839,30/07/2019 15:56:35,1564502193366,-4,30/07/2019 11:56:33,8700,20,questionnaire-kw49,,2907728,A18WSAKX5YN2FB,801388,,complete,tiojfj,,computer,Desktop or Laptop,Chromium OS 12105.100.0,Chrome 75.0.3770.144,1366x768,1366x609,words,Consent_Q,1,a_pos,words,English_Native,No_Psych,Accurate,l_pos,18 and over,END QUESTIONNAIRE,43912
1,1564541199685,31/07/2019 02:46:39,1564541198959,-4,30/07/2019 22:46:38,8700,20,questionnaire-kw49,,2908328,AX1THMSZH9Y8O,801773,,complete,vrxgpo,,computer,Desktop or Laptop,Windows 10,Chrome 75.0.3770.142,1920x1080,1920x937,words,Consent_Q,1,a_pos,words,English_Native,No_Psych,Accurate,a_pos,18 and over,BEGIN QUESTIONNAIRE,
2,1564541203576,31/07/2019 02:46:43,1564541202898,-4,30/07/2019 22:46:42,8700,20,questionnaire-kw49,,2908328,AX1THMSZH9Y8O,801773,,complete,vrxgpo,,computer,Desktop or Laptop,Windows 10,Chrome 75.0.3770.142,1920x1080,1903x937,words,Consent_Q,1,a_pos,words,English_Native,No_Psych,Accurate,a_pos,18 and over,END QUESTIONNAIRE,3940
1,1564541787464,31/07/2019 02:56:27,1564541787286,-5,30/07/2019 21:56:27,8700,20,questionnaire-kw49,,2908332,A1PXMNFSURCOFJ,801774,,complete,vjwego,,computer,Desktop or Laptop,Mac OS 10.11.6,Chrome 75.0.3770.100,1280x800,1280x598,words,Consent_Q,1,l_pos,words,English_Native,No_Psych,Accurate,a_pos,18 and over,BEGIN QUESTIONNAIRE,
2,1564541795825,31/07/2019 02:56:35,1564541795677,-5,30/07/2019 21:56:35,8700,20,questionnaire-kw49,,2908332,A1PXMNFSURCOFJ,801774,,complete,vjwego,,computer,Desktop or Laptop,Mac OS 10.11.6,Chrome 75.0.3770.100,1280x800,1280x598,words,Consent_Q,1,l_pos,words,English_Native,No_Psych,Accurate,a_pos,18 and over,END QUESTIONNAIRE,8392
1,1564542357049,31/07/2019 03:05:57,1564542354661,-4,30/07/2019 23:05:54,8700,20,questionnaire-kw49,,2908338,A248D5XVN1YGCZ,801776,,complete,uhylch,,computer,Desktop or Laptop,Windows 10,Chrome 75.0.3770.142,1920x1080,1257x797,words,Consent_Q,1,a_pos,words,English_Native,No_Psych,Accurate,l_pos,18 and over,BEGIN QUESTIONNAIRE,
2,1564542429402,31/07/2019 03:07:09,1564542426620,-4,30/07/2019 23:07:06,8700,20,questionnaire-kw49,,2908338,A248D5XVN1YGCZ,801776,,complete,uhylch,,computer,Desktop or Laptop,Windows 10,Chrome 75.0.3770.142,1920x1080,1240x797,words,Consent_Q,1,a_pos,words,English_Native,No_Psych,Accurate,l_pos,18 and over,END QUESTIONNAIRE,71959
1,1564542424536,31/07/2019 03:07:04,1564542424840,-7,30/07/2019 20:07:04,8700,20,questionnaire-kw49,,2908342,A2MZQAX0V51S7Z,801777,,complete,jxoera,,computer,Desktop or Laptop,Chromium OS 12105.100.0,Chrome 75.0.3770.144,1366x768,1366x665,words,Consent_Q,1,a_pos,words,English_Native,No_Psych,Accurate,a_pos,18 and over,BEGIN QUESTIONNAIRE,
2,1564542442785,31/07/2019 03:07:22,1564542443104,-7,30/07/2019 20:07:23,8700,20,questionnaire-kw49,,2908342,A2MZQAX0V51S7Z,801777,,complete,jxoera,,computer,Desktop or Laptop,Chromium OS 12105.100.0,Chrome 75.0.3770.144,1366x768,1366x665,words,Consent_Q,1,a_pos,words,English_Native,No_Psych,Accurate,a_pos,18 and over,END QUESTIONNAIRE,18264
1,1564542430874,31/07/2019 03:07:10,1564542612862,-4,30/07/2019 23:10:12,8700,20,questionnaire-kw49,,2908344,AGZUW2G8HHUS8,801778,,complete,epfkbt,,computer,Desktop or Laptop,Windows 10,Edge 18.18362,1093x614,1093x556,words,Consent_Q,1,a_pos,words,English_Native,No_Psych,Accurate,a_pos,18 and over,BEGIN QUESTIONNAIRE,
2,1564542442597,31/07/2019 03:07:22,1564542624671,-4,30/07/2019 23:10:24,8700,20,questionnaire-kw49,,2908344,AGZUW2G8HHUS8,801778,,complete,epfkbt,,computer,Desktop or Laptop,Windows 10,Edge 18.18362,1093x614,1080x556,words,Consent_Q,1,a_pos,words,English_Native,No_Psych,Accurate,a_pos,18 and over,END QUESTIONNAIRE,11810
1,1564542810130,31/07/2019 03:13:30,1564542809270,-5,30/07/2019 22:13:29,8700,20,questionnaire-kw49,,2908357,A1D6WZBOMC63GW,801780,,complete,sjzdvh,,computer,Desktop or Laptop,Windows 10,Chrome 75.0.3770.142,1280x1024,1280x913,words,Consent_Q,1,a_pos,words,English_Native,No_Psych,Accurate,a_pos,18 and over,BEGIN QUESTIONNAIRE,
2,1564542837619,31/07/2019 03:13:57,1564542836808,-5,30/07/2019 22:13:56,8700,20,questionnaire-kw49,,2908357,A1D6WZBOMC63GW,801780,,complete,sjzdvh,,computer,Desktop or Laptop,Windows 10,Chrome 75.0.3770.142,1280x1024,1263x913,words,Consent_Q,1,a_pos,words,English_Native,No_Psych,Accurate,a_pos,18 and over,END QUESTIONNAIRE,27538
1,1564543654869,31/07/2019 03:27:34,1564543656323,-5,30/07/2019 22:27:36,8700,20,questionnaire-kw49,,2908371,A2AXP68AJJ3B94,801783,,complete,phxisy,,computer,Desktop or Laptop,Windows 7,Chrome 75.0.3770.142,1920x1080,1920x947,words,Consent_Q,1,l_pos,words,English_Native,No_Psych,Accurate,a_pos,18 and over,BEGIN QUESTIONNAIRE,
2,1564543656760,31/07/2019 03:27:36,1564543658259,-5,30/07/2019 22:27:38,8700,20,questionnaire-kw49,,2908371,A2AXP68AJJ3B94,801783,,complete,phxisy,,computer,Desktop or Laptop,Windows 7,Chrome 75.0.3770.142,1920x1080,1903x947,words,Consent_Q,1,l_pos,words,English_Native,No_Psych,Accurate,a_pos,18 and over,END QUESTIONNAIRE,1936
1,1564543721286,31/07/2019 03:28:41,1564543713325,-5,30/07/2019 22:28:33,8700,20,questionnaire-kw49,,2908374,A1HANCHKYZKOL9,801784,,complete,posczv,,computer,Desktop or Laptop,Windows 10,Chrome 75.0.3770.142,1366x768,1093x500,words,Consent_Q,1,a_pos,words,English_Native,No_Psych,Accurate,l_pos,18 and over,BEGIN QUESTIONNAIRE,
2,1564543734963,31/07/2019 03:28:54,1564543727021,-5,30/07/2019 22:28:47,8700,20,questionnaire-kw49,,2908374,A1HANCHKYZKOL9,801784,,complete,posczv,,computer,Desktop or Laptop,Windows 10,Chrome 75.0.3770.142,1366x768,1079x500,words,Consent_Q,1,a_pos,words,English_Native,No_Psych,Accurate,l_pos,18 and over,END QUESTIONNAIRE,13696
1,1564584044609,31/07/2019 14:40:44,1564584043614,-4,31/07/2019 10:40:43,8700,20,questionnaire-kw49,,2910359,A2541C8MY0BYV3,802361,,complete,wvmlwa,,computer,Desktop or Laptop,Windows 10,Firefox 68.0,2133x1200,1623x1055,words,Consent_Q,1,l_pos,words,English_Native,No_Psych,Accurate,l_pos,18 and over,BEGIN QUESTIONNAIRE,
2,1564584046153,31/07/2019 14:40:46,1564584045212,-4,31/07/2019 10:40:45,8700,20,questionnaire-kw49,,2910359,A2541C8MY0BYV3,802361,,complete,wvmlwa,,computer,Desktop or Laptop,Windows 10,Firefox 68.0,2133x1200,1602x1055,words,Consent_Q,1,l_pos,words,English_Native,No_Psych,Accurate,l_pos,18 and over,END QUESTIONNAIRE,1598
1,1564585336500,31/07/2019 15:02:16,1564585335672,-6,31/07/2019 09:02:15,8700,20,questionnaire-kw49,,2910540,AYUZGGAGNM9FT,802437,,complete,dowsgs,,computer,Desktop or Laptop,Windows 10,Chrome 76.0.3809.89,455x960,980x1703,words,Consent_Q,1,a_pos,words,English_Native,No_Psych,Accurate,a_pos,18 and over,BEGIN QUESTIONNAIRE,
2,1564585340261,31/07/2019 15:02:20,1564585339462,-6,31/07/2019 09:02:19,8700,20,questionnaire-kw49,,2910540,AYUZGGAGNM9FT,802437,,complete,dowsgs,,computer,Desktop or Laptop,Windows 10,Chrome 76.0.3809.89,455x960,980x1703,words,Consent_Q,1,a_pos,words,English_Native,No_Psych,Accurate,a_pos,18 and over,END QUESTIONNAIRE,3790
1,1564586366124,31/07/2019 15:19:26,1564586366014,-4,31/07/2019 11:19:26,8700,20,questionnaire-kw49,,2910670,A3P7Y9YBJ875WK,802477,,complete,fpmwix,,computer,Desktop or Laptop,Windows 10,Chrome 75.0.3770.142,1920x1080,1920x937,words,Consent_Q,1,a_pos,words,English_Native,No_Psych,Accurate,l_pos,18 and over,BEGIN QUESTIONNAIRE,
2,1564586369203,31/07/2019 15:19:29,1564586369140,-4,31/07/2019 11:19:29,8700,20,questionnaire-kw49,,2910670,A3P7Y9YBJ875WK,802477,,complete,fpmwix,,computer,Desktop or Laptop,Windows 10,Chrome 75.0.3770.142,1920x1080,1903x937,words,Consent_Q,1,a_pos,words,English_Native,No_Psych,Accurate,l_pos,18 and over,END QUESTIONNAIRE,3126
1,1564586710748,31/07/2019 15:25:10,1564586711396,-4,31/07/2019 11:25:11,8700,20,questionnaire-kw49,,2910694,AMJ50JRUDZOWN,802485,,complete,ztrakm,,computer,Desktop or Laptop,Windows 10,Chrome 75.0.3770.142,1536x864,696x714,words,Consent_Q,1,a_pos,words,English_Native,No_Psych,Accurate,a_pos,18 and over,BEGIN QUESTIONNAIRE,
2,1564586714894,31/07/2019 15:25:14,1564586715593,-4,31/07/2019 11:25:15,8700,20,questionnaire-kw49,,2910694,AMJ50JRUDZOWN,802485,,complete,ztrakm,,computer,Desktop or Laptop,Windows 10,Chrome 75.0.3770.142,1536x864,679x714,words,Consent_Q,1,a_pos,words,English_Native,No_Psych,Accurate,a_pos,18 and over,END QUESTIONNAIRE,4197
1,1564587724715,31/07/2019 15:42:04,1564587724419,-4,31/07/2019 11:42:04,8700,20,questionnaire-kw49,,2910780,A18YWAZA1UTD60,802507,,complete,qocntz,,computer,Desktop or Laptop,Windows 10,Chrome 75.0.3770.142,1366x768,1079x637,words,Consent_Q,1,l_pos,words,English_Native,No_Psych,Accurate,l_pos,18 and over,BEGIN QUESTIONNAIRE,
2,1564587731092,31/07/2019 15:42:11,1564587730801,-4,31/07/2019 11:42:10,8700,20,questionnaire-kw49,,2910780,A18YWAZA1UTD60,802507,,complete,qocntz,,computer,Desktop or Laptop,Windows 10,Chrome 75.0.3770.142,1366x768,1062x637,words,Consent_Q,1,l_pos,words,English_Native,No_Psych,Accurate,l_pos,18 and over,END QUESTIONNAIRE,6382
1,1564608012229,31/07/2019 21:20:12,1564608009654,-4,31/07/2019 17:20:09,8700,20,questionnaire-kw49,,2911448,A2HHGI5CNSS5PD,802658,,complete,dudmfw,,computer,Desktop or Laptop,Windows 7,Chrome 75.0.3770.142,1920x1080,1920x1007,words,Consent_Q,1,a_pos,words,English_Native,No_Psych,Accurate,l_pos,18 and over,BEGIN QUESTIONNAIRE,
2,1564608016634,31/07/2019 21:20:16,1564608014105,-4,31/07/2019 17:20:14,8700,20,questionnaire-kw49,,2911448,A2HHGI5CNSS5PD,802658,,complete,dudmfw,,computer,Desktop or Laptop,Windows 7,Chrome 75.0.3770.142,1920x1080,1904x1007,words,Consent_Q,1,a_pos,words,English_Native,No_Psych,Accurate,l_pos,18 and over,END QUESTIONNAIRE,4451
1,1564608138152,31/07/2019 21:22:18,1564608138548,-4,31/07/2019 17:22:18,8700,20,questionnaire-kw49,,2911453,AIGUVMQQYYKMN,802660,,complete,wbbvnu,,computer,Desktop or Laptop,Windows 10,Chrome 75.0.3770.142,1920x1080,1920x969,words,Consent_Q,1,l_pos,words,English_Native,No_Psych,Accurate,a_pos,18 and over,BEGIN QUESTIONNAIRE,
2,1564608140355,31/07/2019 21:22:20,1564608140810,-4,31/07/2019 17:22:20,8700,20,questionnaire-kw49,,2911453,AIGUVMQQYYKMN,802660,,complete,wbbvnu,,computer,Desktop or Laptop,Windows 10,Chrome 75.0.3770.142,1920x1080,1903x969,words,Consent_Q,1,l_pos,words,English_Native,No_Psych,Accurate,a_pos,18 and over,END QUESTIONNAIRE,2262
1,1564609061796,31/07/2019 21:37:41,1564609061828,-5,31/07/2019 16:37:41,8700,20,questionnaire-kw49,,2911468,A1FYWSPNO7KN1O,802662,,complete,cxvtbg,,computer,Desktop or Laptop,Windows 10,Firefox 68.0,1440x900,1440x764,words,Consent_Q,1,a_pos,words,English_Native,No_Psych,Accurate,a_pos,18 and over,BEGIN QUESTIONNAIRE,
2,1564609064172,31/07/2019 21:37:44,1564609064251,-5,31/07/2019 16:37:44,8700,20,questionnaire-kw49,,2911468,A1FYWSPNO7KN1O,802662,,complete,cxvtbg,,computer,Desktop or Laptop,Windows 10,Firefox 68.0,1440x900,1423x764,words,Consent_Q,1,a_pos,words,English_Native,No_Psych,Accurate,a_pos,18 and over,END QUESTIONNAIRE,2424
1,1564609291501,31/07/2019 21:41:31,1564609290558,-5,31/07/2019 16:41:30,8700,20,questionnaire-kw49,,2911474,AZ8JL3QNIPY4U,802663,,complete,fwsyjc,,computer,Desktop or Laptop,Windows 10,Chrome 75.0.3770.142,1366x768,1366x625,words,Consent_Q,1,l_pos,words,English_Native,No_Psych,Accurate,a_pos,18 and over,BEGIN QUESTIONNAIRE,
2,1564609293658,31/07/2019 21:41:33,1564609292754,-5,31/07/2019 16:41:32,8700,20,questionnaire-kw49,,2911474,AZ8JL3QNIPY4U,802663,,complete,fwsyjc,,computer,Desktop or Laptop,Windows 10,Chrome 75.0.3770.142,1366x768,1349x625,words,Consent_Q,1,l_pos,words,English_Native,No_Psych,Accurate,a_pos,18 and over,END QUESTIONNAIRE,2196
1,1564609743947,31/07/2019 21:49:03,1564609743646,-5,31/07/2019 16:49:03,8700,20,questionnaire-kw49,,2911486,A30YR5TPOKQYXJ,802666,,complete,jaqrcz,,computer,Desktop or Laptop,Windows 10,Edge 17.17134,1093x614,1093x521,words,Consent_Q,1,l_pos,words,English_Native,No_Psych,Accurate,a_pos,18 and over,BEGIN QUESTIONNAIRE,
2,1564609750349,31/07/2019 21:49:10,1564609750082,-5,31/07/2019 16:49:10,8700,20,questionnaire-kw49,,2911486,A30YR5TPOKQYXJ,802666,,complete,jaqrcz,,computer,Desktop or Laptop,Windows 10,Edge 17.17134,1093x614,1080x521,words,Consent_Q,1,l_pos,words,English_Native,No_Psych,Accurate,a_pos,18 and over,END QUESTIONNAIRE,6436
1,1564610113175,31/07/2019 21:55:13,1564610113144,-4,31/07/2019 17:55:13,8700,20,questionnaire-kw49,,2911496,A3HZZIZCUZP3OD,802667,,complete,pthasc,,computer,Desktop or Laptop,Windows 10,Chrome 75.0.3770.142,1600x900,1600x789,words,Consent_Q,1,a_pos,words,English_Native,No_Psych,Accurate,l_pos,18 and over,BEGIN QUESTIONNAIRE,
2,1564610118004,31/07/2019 21:55:18,1564610118027,-4,31/07/2019 17:55:18,8700,20,questionnaire-kw49,,2911496,A3HZZIZCUZP3OD,802667,,complete,pthasc,,computer,Desktop or Laptop,Windows 10,Chrome 75.0.3770.142,1600x900,1583x789,words,Consent_Q,1,a_pos,words,English_Native,No_Psych,Accurate,l_pos,18 and over,END QUESTIONNAIRE,4884
1,1564610139192,31/07/2019 21:55:39,1564610137564,-7,31/07/2019 14:55:37,8700,20,questionnaire-kw49,,2911498,A6JUD4NCQCDWG,802668,,complete,yrxnex,,computer,Desktop or Laptop,Windows 10,Chrome 75.0.3770.142,1920x1080,1920x969,words,Consent_Q,1,l_pos,words,English_Native,No_Psych,Accurate,l_pos,18 and over,BEGIN QUESTIONNAIRE,
2,1564610142569,31/07/2019 21:55:42,1564610140983,-7,31/07/2019 14:55:40,8700,20,questionnaire-kw49,,2911498,A6JUD4NCQCDWG,802668,,complete,yrxnex,,computer,Desktop or Laptop,Windows 10,Chrome 75.0.3770.142,1920x1080,1903x969,words,Consent_Q,1,l_pos,words,English_Native,No_Psych,Accurate,l_pos,18 and over,END QUESTIONNAIRE,3419
1,1564612892828,31/07/2019 22:41:32,1564612879894,-4,31/07/2019 18:41:19,8700,20,questionnaire-kw49,,2911511,A3GXC3VG37CQ3G,802670,,complete,vlrjei,,computer,Desktop or Laptop,Windows 7,Chrome 75.0.3770.142,1536x864,1522x715,words,Consent_Q,1,a_pos,words,English_Native,No_Psych,Accurate,a_pos,18 and over,BEGIN QUESTIONNAIRE,
2,1564612899386,31/07/2019 22:41:39,1564612886667,-4,31/07/2019 18:41:26,8700,20,questionnaire-kw49,,2911511,A3GXC3VG37CQ3G,802670,,complete,vlrjei,,computer,Desktop or Laptop,Windows 7,Chrome 75.0.3770.142,1536x864,1506x715,words,Consent_Q,1,a_pos,words,English_Native,No_Psych,Accurate,a_pos,18 and over,END QUESTIONNAIRE,6773
END OF FILE
